added_at,track_id,track_uri,track_name,artist_ids,artist_names,album_id,album_name,release_date,release_date_precision,duration_ms,duration_seconds,popularity,explicit,is_playable,restriction_reason,linked_from_track_id,isrc,track_href,track_external_url
2026-03-23T00:50:22Z,5Ed32bcBySpGCF7g6EG8eh,spotify:track:5Ed32bcBySpGCF7g6EG8eh,Bécane,0wiCfDEHaEcPkKZOi7Nivl,Yamê,3al3eFT8EIR0KRdUemEic7,Bécane,2023-06-13,day,186446,186.446,,True,True,,,FRPZ92321830,https://api.spotify.com/v1/tracks/5Ed32bcBySpGCF7g6EG8eh,https://open.spotify.com/track/5Ed32bcBySpGCF7g6EG8eh
2026-03-22T17:21:02Z,59ut3Z5t4png5PK2r2YHEG,spotify:track:59ut3Z5t4png5PK2r2YHEG,MONTAGEM VIRALIZADA - Sped Up,2ZsdtIXkb3DCIVaw4Xjdbn | 32Pxa55IN0QAmFtzWcT2w9,Zhanbxqq | qaraqshy,37gqHArEfVFJy80sD9E9A9,MONTAGEM VIRALIZADA,2026-03-20,day,68911,68.911,,False,True,,,FR59R2603828,https://api.spotify.com/v1/tracks/59ut3Z5t4png5PK2r2YHEG,https://open.spotify.com/track/59ut3Z5t4png5PK2r2YHEG
2026-03-22T12:51:51Z,3d0WouFnFmr0K3kjeza3fF,spotify:track:3d0WouFnFmr0K3kjeza3fF,Hips Don't Lie (feat. Wyclef Jean),0EmeFodog0BfCgMzAIvKQp | 7aBzpmFXB4WWpPl2F7RjBe,Shakira | Wyclef Jean,2cHhcN6iNLNXc7FByWBGi5,"Oral Fixation, Vol. 2 (Expanded Edition)",2005-11-28,day,220360,220.36,,False,True,,,USSM10600677,https://api.spotify.com/v1/tracks/3d0WouFnFmr0K3kjeza3fF,https://open.spotify.com/track/3d0WouFnFmr0K3kjeza3fF
2026-03-21T03:52:43Z,5efW4nsKHuFXKykWHt08lX,spotify:track:5efW4nsKHuFXKykWHt08lX,"Remember Me (From ""Coco"") - Piano Version",4Mr0dXg1KM8bmg2tBe2xEe,Kim Bo,4tfc4rbeE9GVY7ipZOvKHm,"Remember Me (From ""Coco"") [Piano Version]",2023-02-01,day,144044,144.044,,False,True,,,QZFYY1905803,https://api.spotify.com/v1/tracks/5efW4nsKHuFXKykWHt08lX,https://open.spotify.com/track/5efW4nsKHuFXKykWHt08lX
2026-03-20T18:04:25Z,6WFviBRaNUgrNXnJPoc7PI,spotify:track:6WFviBRaNUgrNXnJPoc7PI,Alterego,5GKD9UjN2vdEAkdMsiWq9j,Kaki,3k2yYvlSuWChG88MCvhDNW,Alterego,2024-02-09,day,385124,385.124,,False,True,,,TCAHX2433493,https://api.spotify.com/v1/tracks/6WFviBRaNUgrNXnJPoc7PI,https://open.spotify.com/track/6WFviBRaNUgrNXnJPoc7PI
2026-03-20T17:56:53Z,3WIJ4gZlHFGVK57TkHYm0c,spotify:track:3WIJ4gZlHFGVK57TkHYm0c,NOTHING LEFT,31Ovy6zggvwVys7H4pfauU | 1XbCwNNlim04afvSS63qEt,DDRCK | NØRAJ,2VmM4oGGYjjT55IGKdVa1h,NOTHING LEFT,2024-04-26,day,336000,336.0,,False,True,,,QZK6P2416369,https://api.spotify.com/v1/tracks/3WIJ4gZlHFGVK57TkHYm0c,https://open.spotify.com/track/3WIJ4gZlHFGVK57TkHYm0c
2026-03-20T01:55:59Z,6pWgRkpqVfxnj3WuIcJ7WP,spotify:track:6pWgRkpqVfxnj3WuIcJ7WP,Cornfield Chase,0YC192cP3KPCRWx8zr8MfZ,Hans Zimmer,3B61kSKTxlY36cYgzvf3cP,Interstellar (Original Motion Picture Soundtrack) [Expanded Edition],2014-11-18,day,126959,126.959,,False,True,,,USNLR1400774,https://api.spotify.com/v1/tracks/6pWgRkpqVfxnj3WuIcJ7WP,https://open.spotify.com/track/6pWgRkpqVfxnj3WuIcJ7WP
2026-03-19T23:56:29Z,1F3pzdYyCJlnQoCM9gFzaU,spotify:track:1F3pzdYyCJlnQoCM9gFzaU,Dimensions,3kjuyTCjPG1WMFCiyc5IuB | 77Rj6PHmQJFb8nbSH62y68,Arcade Fire | Owen Pallett,7xBJ2XXlDFfACXAnOE86t8,Her (Original Score),2021-03-19,day,339444,339.444,,False,True,,,USQX92004883,https://api.spotify.com/v1/tracks/1F3pzdYyCJlnQoCM9gFzaU,https://open.spotify.com/track/1F3pzdYyCJlnQoCM9gFzaU
2026-03-19T19:53:16Z,56BZSVROHDzuiYM8C2Zv3y,spotify:track:56BZSVROHDzuiYM8C2Zv3y,FUNK INFERNAL,6ZhleMHIGIpjkBHrQDl4G7 | 1KoTNs0Ev2KGs7AF5lWlx3,DYGO | Mxng0,3Iw0jAPzwgmuqSIWQa9i8W,FUNK INFERNAL,2024-09-27,day,90000,90.0,,False,True,,,GBKQU2489653,https://api.spotify.com/v1/tracks/56BZSVROHDzuiYM8C2Zv3y,https://open.spotify.com/track/56BZSVROHDzuiYM8C2Zv3y
2026-03-19T14:13:38Z,0tuhblngQefH2uMwkfYx61,spotify:track:0tuhblngQefH2uMwkfYx61,Livin' La Vida Loca,7BYLAgXd3LygQ9aJupZ6p8,Autumn Kings,41ANXwtVyQ4bjXfxG3PPVS,Silver Screens,2017-03-10,day,236262,236.262,,False,True,,,CAY261700011,https://api.spotify.com/v1/tracks/0tuhblngQefH2uMwkfYx61,https://open.spotify.com/track/0tuhblngQefH2uMwkfYx61
2026-03-19T14:13:37Z,3SiYc9cH3aNXNmmKzQmebj,spotify:track:3SiYc9cH3aNXNmmKzQmebj,Dogs of War,5AVBFCn4Hq4KY2Xjc5Gj4y,Blues Saraceno,0emOtc5Z8SjqCKihBsneJo,Dark Country 3,2014-05-02,day,176960,176.96,,False,True,,,GBBPP1407204,https://api.spotify.com/v1/tracks/3SiYc9cH3aNXNmmKzQmebj,https://open.spotify.com/track/3SiYc9cH3aNXNmmKzQmebj
2026-03-18T01:15:21Z,6OGfJ3y59rboNCNbYRl4sQ,spotify:track:6OGfJ3y59rboNCNbYRl4sQ,Your Love Is My Drug 8 Bit - Bass Boosted,71QYROrDgJKNLtD4QDoq4i,just valery,0aXHuQlmLVHsliRmDUQeNP,Your Love Is My Drug 8 Bit (Collection),2022-06-12,day,139697,139.697,,False,True,,,QZK6M2257035,https://api.spotify.com/v1/tracks/6OGfJ3y59rboNCNbYRl4sQ,https://open.spotify.com/track/6OGfJ3y59rboNCNbYRl4sQ
2026-03-13T12:59:58Z,6xBpb9zNWlRHTslOAe6kXF,spotify:track:6xBpb9zNWlRHTslOAe6kXF,Slide da Treme Melódica v2,7nM7RtPXQ6jwNlFTfPyZnA | 4DWPOsGWbW7sBHb1UuBvWs,DJ FNK | Polaris,4sWmzhpogE4nLa1f2q9Ke0,Slide da Treme Melódica v2,2024-05-17,day,165107,165.107,,False,True,,,US3DF2466954,https://api.spotify.com/v1/tracks/6xBpb9zNWlRHTslOAe6kXF,https://open.spotify.com/track/6xBpb9zNWlRHTslOAe6kXF
2026-03-12T02:29:32Z,27hhIs2fp6w06N5zx4Eaa5,spotify:track:27hhIs2fp6w06N5zx4Eaa5,Dream A Little Dream Of Me,1bs7HoMkSyQwcobCpE9KpN,The Mamas & The Papas,0JJMI060q086v9ul5gHdey,The Papas & The Mamas,1968-05-01,day,194426,194.426,,False,True,,,USMC16846393,https://api.spotify.com/v1/tracks/27hhIs2fp6w06N5zx4Eaa5,https://open.spotify.com/track/27hhIs2fp6w06N5zx4Eaa5
2026-03-10T14:45:00Z,4UEgKxYLP0bPG6EwD0DgYK,spotify:track:4UEgKxYLP0bPG6EwD0DgYK,I Got a Name - Stereo Version,1R6Hx1tJ2VOUyodEpC12xM,Jim Croce,64dufEP8npd2jYoPfdzWPJ,I Got a Name,1973-12-01,day,194493,194.493,,False,True,,,GBAJE0611144,https://api.spotify.com/v1/tracks/4UEgKxYLP0bPG6EwD0DgYK,https://open.spotify.com/track/4UEgKxYLP0bPG6EwD0DgYK
2026-03-10T14:33:08Z,41sGGCCoHI2GLV9qadX80A,spotify:track:41sGGCCoHI2GLV9qadX80A,Baby Come Back,0fgtHVpOPfXb07S8Jx443z,Player,1uZ7slfpVTucDk922Btj5B,Player,1977-09-01,day,255845,255.845,,False,True,,,NLF057790013,https://api.spotify.com/v1/tracks/41sGGCCoHI2GLV9qadX80A,https://open.spotify.com/track/41sGGCCoHI2GLV9qadX80A
2026-03-10T13:16:01Z,37CaSYZIi8GMTtkvfP2nut,spotify:track:37CaSYZIi8GMTtkvfP2nut,VOCE NA MIRA - Slowed,3qAI31wl4QWza8G2bvm0vT | 2JMsPaBG7pE0QYRZwI30bw,Hwungii | DJ VGK1,1YproWwyHbQX22NTnqbJKX,VOCE NA MIRA,2025-05-30,day,170919,170.919,,False,True,,,FRX282572354,https://api.spotify.com/v1/tracks/37CaSYZIi8GMTtkvfP2nut,https://open.spotify.com/track/37CaSYZIi8GMTtkvfP2nut
2026-03-10T12:59:35Z,6xvr8CPpNpGnpNNLsCnvPY,spotify:track:6xvr8CPpNpGnpNNLsCnvPY,RESISTENCIA - SLOWED,2q4PUtVw3ihgeswR2Lgurd | 44jX60Vlu31B2kh1nUgXov,KLEAVE | KRIMSON,2amQ2OgFzhRmd0dPO2qBzV,RESISTENCIA,2026-03-06,day,122264,122.264,,False,True,,,UKZGC2602532,https://api.spotify.com/v1/tracks/6xvr8CPpNpGnpNNLsCnvPY,https://open.spotify.com/track/6xvr8CPpNpGnpNNLsCnvPY
2026-03-08T16:55:33Z,5M2lELj5rV1XFepMrfz7sT,spotify:track:5M2lELj5rV1XFepMrfz7sT,JOGADA,1kd6WqngBvP0Vthu1sGI0j | 2Q3xviVw2VXFRXtsF2gpR1 | 68r9nV9QMYQiatpR5Jngou | 579T3JNtybsWlkIdSVumAF,Nakama | ΣP | Regyn | ZIMXN,1U7LbxCR9aGpTTQHHBocA1,JOGADA,2026-02-27,day,61384,61.384,,False,True,,,SGB502608850,https://api.spotify.com/v1/tracks/5M2lELj5rV1XFepMrfz7sT,https://open.spotify.com/track/5M2lELj5rV1XFepMrfz7sT
2026-03-08T16:50:36Z,6ZSwja0KJWcu1yKxej7VHz,spotify:track:6ZSwja0KJWcu1yKxej7VHz,MONTAGEM PISTOLA,7kk9ucvRJim0NMM89Lml2Y | 32Pxa55IN0QAmFtzWcT2w9,MXZI | qaraqshy,7c7S6OPsR7caxn5j5YVx4r,MONTAGEM PISTOLA,2026-02-27,day,134466,134.466,,True,True,,,QT5M42626096,https://api.spotify.com/v1/tracks/6ZSwja0KJWcu1yKxej7VHz,https://open.spotify.com/track/6ZSwja0KJWcu1yKxej7VHz
2026-03-07T20:46:55Z,16GUMo6u3D2qo9a19AkYct,spotify:track:16GUMo6u3D2qo9a19AkYct,Movin' Out (Anthony's Song),6zFYqv1mOsgBRQbae3JJ9e,Billy Joel,1Mhn9VosyjtWn4dMPFlna6,The Stranger (Legacy Edition),1977,year,210760,210.76,,False,True,,,USSM17700369,https://api.spotify.com/v1/tracks/16GUMo6u3D2qo9a19AkYct,https://open.spotify.com/track/16GUMo6u3D2qo9a19AkYct
2026-03-07T20:43:52Z,6WCeFNVAXUtNczb7lqLiZU,spotify:track:6WCeFNVAXUtNczb7lqLiZU,Crocodile Rock,3PhoLpVuITZKcymswpck5b,Elton John,1reJ8DttK5EGwdyf7y9FBR,Don't Shoot Me I'm Only The Piano Player,1973-01-22,day,235440,235.44,,False,True,,,GBAMB7200001,https://api.spotify.com/v1/tracks/6WCeFNVAXUtNczb7lqLiZU,https://open.spotify.com/track/6WCeFNVAXUtNczb7lqLiZU
2026-03-07T16:00:17Z,2o8jV2wv0I7RK4ZWnfMHpw,spotify:track:2o8jV2wv0I7RK4ZWnfMHpw,TAVI TAVI - Slowed,0JGZRsRtFTQ0ZVBq9b2ZEj | 2hTgpYC4sanWiU3ezwkQGa | 03PS670FgRHHrunjxJH3XI,DJ Javi26 | dimeohs | ToufG,2rsp2U7sIDz5vjIhPQQ622,TAVI TAVI,2026-02-20,day,80147,80.147,,True,True,,,QM4TX2654050,https://api.spotify.com/v1/tracks/2o8jV2wv0I7RK4ZWnfMHpw,https://open.spotify.com/track/2o8jV2wv0I7RK4ZWnfMHpw
2026-03-07T14:54:34Z,6tJQZjUiTymjHWJnm8IzhB,spotify:track:6tJQZjUiTymjHWJnm8IzhB,CORAL DO SUBMUNDO,7yC8pbSjZCPUp7q9zxhGAC,DJ Holanda,5YMjdydYcGuew2NaQqUewc,CORAL DO SUBMUNDO,2026-02-26,day,149538,149.538,,True,True,,,BKBLS2600080,https://api.spotify.com/v1/tracks/6tJQZjUiTymjHWJnm8IzhB,https://open.spotify.com/track/6tJQZjUiTymjHWJnm8IzhB
2026-03-07T03:08:01Z,52FZW6u4BM9e1Kh4bewek3,spotify:track:52FZW6u4BM9e1Kh4bewek3,Sad Lisa,08F3Y3SctIlsOEmKd6dnH8,Yusuf / Cat Stevens,44VxbAytHpVi3Rq8hRhild,Tea For The Tillerman (Remastered 2020),1970-11-23,day,225653,225.653,,False,True,,,GBUM71905966,https://api.spotify.com/v1/tracks/52FZW6u4BM9e1Kh4bewek3,https://open.spotify.com/track/52FZW6u4BM9e1Kh4bewek3
2026-03-05T20:07:15Z,0ot2jD3rPDq28b2H4YDVlw,spotify:track:0ot2jD3rPDq28b2H4YDVlw,MONTAGEM DOLOR?,6sdYo8XBiJTetz2XypUkCn,BOWSY,39e1GtLkj7BcHpt5JYKljN,MONTAGEM DOLOR?,2026-02-20,day,88620,88.62,,False,True,,,QZ5FN2677723,https://api.spotify.com/v1/tracks/0ot2jD3rPDq28b2H4YDVlw,https://open.spotify.com/track/0ot2jD3rPDq28b2H4YDVlw
2026-03-05T15:43:08Z,17PdTsY9iIpPKZvQxP2OLk,spotify:track:17PdTsY9iIpPKZvQxP2OLk,Pineapple Crush,5wZOrGWdg4hq7KIRMupJdI,Lone,3VaHaXC6hGSHARwwANXxfL,Pineapple Crush / Angel Brain,2010-10-03,day,326363,326.363,,False,True,,,GBF3S1000040,https://api.spotify.com/v1/tracks/17PdTsY9iIpPKZvQxP2OLk,https://open.spotify.com/track/17PdTsY9iIpPKZvQxP2OLk
2026-03-04T22:04:24Z,18gIVWdDLOEawL8sxMIx43,spotify:track:18gIVWdDLOEawL8sxMIx43,MONTAGEM PARARAM (SLOWED),3BF0v9nGW4RzCFBBWWQarA | 4dHkDmvdWDXoycp4Caui8D | 1hNA5XVpPyXS23wdhJC1H2 | 6iaLSCJCdRw6hJZ5CxesoV,KVRXD | MAXPVNK | akrai | Scarscheme,0WSltLKZJYXksdmcgRNJiu,MONTAGEM PARARAM,2026-02-06,day,104575,104.575,,False,True,,,QM4TW2695421,https://api.spotify.com/v1/tracks/18gIVWdDLOEawL8sxMIx43,https://open.spotify.com/track/18gIVWdDLOEawL8sxMIx43
2026-03-04T17:29:29Z,4FuLwLMAQ167UrFmn0tTtr,spotify:track:4FuLwLMAQ167UrFmn0tTtr,NO ROLÊ LOUCO,1IzHBxiPBcOk0smyGDdzms,Auren,5CASnkegVL5HRFej8slvxL,NO ROLÊ LOUCO,2026-02-20,day,77038,77.038,,True,True,,,QM4TX2660842,https://api.spotify.com/v1/tracks/4FuLwLMAQ167UrFmn0tTtr,https://open.spotify.com/track/4FuLwLMAQ167UrFmn0tTtr
2026-03-04T17:01:10Z,5prtaKwivqGNIDc9MTOzqN,spotify:track:5prtaKwivqGNIDc9MTOzqN,ENTRADA - Sped Up,0zPcNpNWxJ8KZutFU26dfW,nightfxrce,2LqHUAqeroDICysAT8brHW,ENTRADA,2026-01-16,day,77142,77.142,,False,True,,,FR10S2617667,https://api.spotify.com/v1/tracks/5prtaKwivqGNIDc9MTOzqN,https://open.spotify.com/track/5prtaKwivqGNIDc9MTOzqN
2026-03-04T16:57:51Z,220BtZe5xy53gveUvRPmXU,spotify:track:220BtZe5xy53gveUvRPmXU,MONTAGEM PARARAM (SUPER SLOWED),3BF0v9nGW4RzCFBBWWQarA | 4dHkDmvdWDXoycp4Caui8D | 1hNA5XVpPyXS23wdhJC1H2 | 6iaLSCJCdRw6hJZ5CxesoV,KVRXD | MAXPVNK | akrai | Scarscheme,0WSltLKZJYXksdmcgRNJiu,MONTAGEM PARARAM,2026-02-06,day,117382,117.382,,False,True,,,QM4TW2695423,https://api.spotify.com/v1/tracks/220BtZe5xy53gveUvRPmXU,https://open.spotify.com/track/220BtZe5xy53gveUvRPmXU
2026-03-03T22:27:21Z,70Znjq5VPKFrwlB7O26SWT,spotify:track:70Znjq5VPKFrwlB7O26SWT,Zanzibar,6zFYqv1mOsgBRQbae3JJ9e,Billy Joel,1HmCO8VK98AU6EXPOjGYyI,52nd Street,1978-10-13,day,316771,316.771,,False,True,,,USSM17800449,https://api.spotify.com/v1/tracks/70Znjq5VPKFrwlB7O26SWT,https://open.spotify.com/track/70Znjq5VPKFrwlB7O26SWT
2026-03-03T22:23:21Z,3BqqF8suAIzW8655yJfcvh,spotify:track:3BqqF8suAIzW8655yJfcvh,Morning Has Broken,08F3Y3SctIlsOEmKd6dnH8,Yusuf / Cat Stevens,2B719vL1xtPTwYs0j5BuAo,Teaser And The Firecat,1971-01-01,day,200000,200.0,,False,True,,,GBAAN7100031,https://api.spotify.com/v1/tracks/3BqqF8suAIzW8655yJfcvh,https://open.spotify.com/track/3BqqF8suAIzW8655yJfcvh
2026-03-03T21:14:34Z,3S0OXQeoh0w6AY8WQVckRW,spotify:track:3S0OXQeoh0w6AY8WQVckRW,I'm Yours,4phGZZrJZRo4ElhRtViYdl,Jason Mraz,1UwzOp5hn3lAbOqsAfXBw8,We Sing. We Dance. We Steal Things. (Bonus Tracks Version),2008-05-01,day,242946,242.946,,False,True,,,USEE10800667,https://api.spotify.com/v1/tracks/3S0OXQeoh0w6AY8WQVckRW,https://open.spotify.com/track/3S0OXQeoh0w6AY8WQVckRW
2026-03-03T20:23:33Z,6gXrEUzibufX9xYPk3HD5p,spotify:track:6gXrEUzibufX9xYPk3HD5p,Life in the Fast Lane - 2013 Remaster,0ECwFtbIWEVNwjlrfc6xoL,Eagles,2widuo17g5CEC66IbzveRu,Hotel California (2013 Remaster),1976-12-08,day,286219,286.219,,False,True,,,USEE11300355,https://api.spotify.com/v1/tracks/6gXrEUzibufX9xYPk3HD5p,https://open.spotify.com/track/6gXrEUzibufX9xYPk3HD5p
2026-03-03T15:31:59Z,3muBQDekYAg7jm6hDu6R0Z,spotify:track:3muBQDekYAg7jm6hDu6R0Z,First Day Out,6AUl0ykLLpvTktob97x9hO,Tee Grizzley,6074OsmUN1PdFgy0zTP4Fn,My Moment,2017-04-07,day,254693,254.693,,True,True,,,TCACT1656901,https://api.spotify.com/v1/tracks/3muBQDekYAg7jm6hDu6R0Z,https://open.spotify.com/track/3muBQDekYAg7jm6hDu6R0Z
2026-03-03T14:17:55Z,0GWGZA5mxo9nHuSyrj70uo,spotify:track:0GWGZA5mxo9nHuSyrj70uo,When Love Takes Over (feat. Kelly Rowland),1Cs0zKBU1kc0i8ypK3B9ai | 3AuMNF8rQAKOzjYppFNAoB,David Guetta | Kelly Rowland,7fHeCs5cgtXYqxBPG1iK1n,One More Love,2010-11-22,day,191000,191.0,,False,True,,,FRZID0900200,https://api.spotify.com/v1/tracks/0GWGZA5mxo9nHuSyrj70uo,https://open.spotify.com/track/0GWGZA5mxo9nHuSyrj70uo
2026-03-02T18:19:19Z,5sztgbTzMmg2fVPYDwAyOa,spotify:track:5sztgbTzMmg2fVPYDwAyOa,"Piano Trio No. 2 in E Minor, Op. 67: I. Andante - Moderato",6s1pCNXcbdtQJlsnM1hRIA | 2Ejyt6j0mokFQQBf2gx8RT | 2vo3wbUV7ATdKj5Qm0c7ne | 1m4qcVfkQjFZkjDk0oFYLK | 3WD0LOteusjTDfyEF2SMq8,Dmitri Shostakovich | Trio Zeliha | Manon Galy | Maxime Quennesson | Jorge Gonzalez Buajasan,2QhZ29aFbUMUPIUDK9KKyK,Schubert: Op. 100 - Chostakovitch: Op. 67,2024-05-10,day,466946,466.946,,False,True,,,FRU622471205,https://api.spotify.com/v1/tracks/5sztgbTzMmg2fVPYDwAyOa,https://open.spotify.com/track/5sztgbTzMmg2fVPYDwAyOa
2026-03-02T17:58:48Z,7hIltPgvk1astLjN4SLIkF,spotify:track:7hIltPgvk1astLjN4SLIkF,"Piano Trio No. 2 in E-Flat Major, Op. 100, D. 929: II. Andante con moto",2p0UyoPfYfI76PCStuXfOP | 2Ejyt6j0mokFQQBf2gx8RT | 2vo3wbUV7ATdKj5Qm0c7ne | 1m4qcVfkQjFZkjDk0oFYLK | 3WD0LOteusjTDfyEF2SMq8,Franz Schubert | Trio Zeliha | Manon Galy | Maxime Quennesson | Jorge Gonzalez Buajasan,2QhZ29aFbUMUPIUDK9KKyK,Schubert: Op. 100 - Chostakovitch: Op. 67,2024-05-10,day,589640,589.64,,False,True,,,FRU622471202,https://api.spotify.com/v1/tracks/7hIltPgvk1astLjN4SLIkF,https://open.spotify.com/track/7hIltPgvk1astLjN4SLIkF
2026-03-02T15:58:53Z,7r4JprwCXr3lxrSgme9TuC,spotify:track:7r4JprwCXr3lxrSgme9TuC,ELDEN RING FUNK,2q4PUtVw3ihgeswR2Lgurd | 2nGwC9QG6Hpw4fSDgNpn5n,KLEAVE | JXM,4micBkY5M73soh2YMpfRSp,ELDEN RING FUNK,2026-01-02,day,84923,84.923,,False,True,,,US3DF2600141,https://api.spotify.com/v1/tracks/7r4JprwCXr3lxrSgme9TuC,https://open.spotify.com/track/7r4JprwCXr3lxrSgme9TuC
2026-03-02T14:21:42Z,7cFeXXewX2On1WWLcrFDx1,spotify:track:7cFeXXewX2On1WWLcrFDx1,LIGHT AURA FUNK,41rOXkwf7ccICwE9yRnEKi | 13K5EFpxgLsAHHuUv8pdoI | 49mGI97erh26mewRTJtAZr,ZAYLO | elude | IMARO,16KrTrpYWf4gqV4iyyLiGS,LIGHT AURA FUNK,2026-01-09,day,69522,69.522,,False,True,,,GXD7G2674986,https://api.spotify.com/v1/tracks/7cFeXXewX2On1WWLcrFDx1,https://open.spotify.com/track/7cFeXXewX2On1WWLcrFDx1
2026-03-02T13:27:59Z,74urRH4SDDfB9b4ncvQKX2,spotify:track:74urRH4SDDfB9b4ncvQKX2,THEKUS - Super Slowed,6ejSrvgmt2Rhnv07C1FLov,VXCA,2nVR33Uj91nGJQUOk9xr43,THEKUS,2025-11-07,day,79214,79.214,,True,True,,,USANG2541414,https://api.spotify.com/v1/tracks/74urRH4SDDfB9b4ncvQKX2,https://open.spotify.com/track/74urRH4SDDfB9b4ncvQKX2
2026-03-02T13:07:06Z,52mA4bN96Yf5TYXb3LRfa7,spotify:track:52mA4bN96Yf5TYXb3LRfa7,Mtg Afterglow - Slowed,5tZkYTy4jkyMRRdobi5isM,SCHWVFTY,7idnjL5goFlJurvRN8viTf,Mtg Afterglow,2026-01-30,day,121076,121.076,,True,True,,,QM4TW2698090,https://api.spotify.com/v1/tracks/52mA4bN96Yf5TYXb3LRfa7,https://open.spotify.com/track/52mA4bN96Yf5TYXb3LRfa7
2026-03-02T12:45:10Z,3sux04r2TMR1CwuZoR1Vvv,spotify:track:3sux04r2TMR1CwuZoR1Vvv,R01 - Super Slowed,32Pxa55IN0QAmFtzWcT2w9,qaraqshy,3TyEa0dTTzhYNcNmdIdft8,R01,2026-02-07,day,118778,118.778,,False,True,,,FR2X42604270,https://api.spotify.com/v1/tracks/3sux04r2TMR1CwuZoR1Vvv,https://open.spotify.com/track/3sux04r2TMR1CwuZoR1Vvv
2026-03-01T21:42:21Z,18sVWvZWL3I0s71rYiBpVL,spotify:track:18sVWvZWL3I0s71rYiBpVL,the illusion of happiness,4fL1DbHlt5d3i3uat4JPws,Family Disappointment,0YRcTPjaIUs05ZTM6Mx2l9,Residue,2023-03-26,day,89153,89.153,,False,True,,,QZFYY2318137,https://api.spotify.com/v1/tracks/18sVWvZWL3I0s71rYiBpVL,https://open.spotify.com/track/18sVWvZWL3I0s71rYiBpVL
2026-03-01T00:29:04Z,4e47GomEPzaRmsHlEQreDt,spotify:track:4e47GomEPzaRmsHlEQreDt,Berserk,01PZm56J8KOLP7nS8wwc5H,APHRO,7uz9WnEduQQhBaifY4Ej1q,Berserk,2024-09-13,day,121268,121.268,,False,True,,,CA5KR2492007,https://api.spotify.com/v1/tracks/4e47GomEPzaRmsHlEQreDt,https://open.spotify.com/track/4e47GomEPzaRmsHlEQreDt
2026-02-28T22:31:57Z,3G05RD8dPiBoe7sWJnE20u,spotify:track:3G05RD8dPiBoe7sWJnE20u,DARK SOULS FUNK,2q4PUtVw3ihgeswR2Lgurd | 2nGwC9QG6Hpw4fSDgNpn5n | 58auBryr2AEGdWsPOJlUU5,KLEAVE | JXM | SEOYXL,07C9ErgEWdTTup5Pppf9cP,DARK SOULS FUNK,2025-12-12,day,92769,92.769,,True,True,,,USANG2561074,https://api.spotify.com/v1/tracks/3G05RD8dPiBoe7sWJnE20u,https://open.spotify.com/track/3G05RD8dPiBoe7sWJnE20u
2026-02-28T21:05:48Z,1K3Q7UjMRFgOMkCBfbBv8j,spotify:track:1K3Q7UjMRFgOMkCBfbBv8j,VAI SENTAR 2,7FKe6SY9o5p07VnbQayItu,NEAR DEATH,3PWJHu17ejWQW3b8HnoktR,VAI SENTAR 2,2025-12-19,day,66461,66.461,,False,True,,,RUAH62569430,https://api.spotify.com/v1/tracks/1K3Q7UjMRFgOMkCBfbBv8j,https://open.spotify.com/track/1K3Q7UjMRFgOMkCBfbBv8j
2026-02-28T19:44:40Z,5HeJByGM7j6zu77LnD6VqV,spotify:track:5HeJByGM7j6zu77LnD6VqV,War,7m0BsF0t3K9WQFgKoPejfk | 2PJEagPIxaBugeMjIyKVXF,ArrDee | Aitch,2acy6L0ZXAGSHoW6TIVtyW,Pier Pressure,2022-03-18,day,166871,166.871,,True,True,,,GBUM72200432,https://api.spotify.com/v1/tracks/5HeJByGM7j6zu77LnD6VqV,https://open.spotify.com/track/5HeJByGM7j6zu77LnD6VqV
2026-02-28T19:42:02Z,6EIKNn0NyCIEAeUUuLbYiJ,spotify:track:6EIKNn0NyCIEAeUUuLbYiJ,Leon the Professional,6W4vm8P3JFQboO4cvHeqaa,Knucks,103O26J3AHRwYYZyRfKuwQ,ALPHA PLACE,2022-05-06,day,200550,200.55,,False,True,,,GB45A2102616,https://api.spotify.com/v1/tracks/6EIKNn0NyCIEAeUUuLbYiJ,https://open.spotify.com/track/6EIKNn0NyCIEAeUUuLbYiJ
2026-02-28T19:35:06Z,00S54Je0ffaNP8ClzQPjWy,spotify:track:00S54Je0ffaNP8ClzQPjWy,Crazy Love,7b79bQFziJFedJb75k6hFt | 3Ut1IKlpXHBQwxklMxBsPX | 49GY4uPAwdlk5lSGtfKWYl,Tion Wayne | LeoStayTrill | MJ Cole,1d7YlcfbkKjTZi061rJYlo,Crazy Love,2025-04-11,day,120513,120.513,,False,True,,,GXD7G2582648,https://api.spotify.com/v1/tracks/00S54Je0ffaNP8ClzQPjWy,https://open.spotify.com/track/00S54Je0ffaNP8ClzQPjWy
2026-02-28T17:52:27Z,7qNR5ZZpmvV1MGlHzDNfVL,spotify:track:7qNR5ZZpmvV1MGlHzDNfVL,MONTAGEM PASSARELA,6ejSrvgmt2Rhnv07C1FLov | 4YeITwoqeIks45gELm488B | 3TRGcoCyx8sdb1XrHBgBrD,VXCA | NOIXES | CORE,47yjN92n6COkxHkRlzBSj4,MONTAGEM PASSARELA,2026-02-13,day,77044,77.044,,True,True,,,QM4TX2640015,https://api.spotify.com/v1/tracks/7qNR5ZZpmvV1MGlHzDNfVL,https://open.spotify.com/track/7qNR5ZZpmvV1MGlHzDNfVL
2026-02-28T17:49:28Z,7FeYyhrVasUOsKr7ESqiZ8,spotify:track:7FeYyhrVasUOsKr7ESqiZ8,Dale Otra Vez - Slowed,6CYjGgv0fYxHFHCKWn7SyX | 1qWsDGT8AjLYkcSX6A5Yg1,DIPIENS | Dj Syndr0m,1SIOltpr1dYARMmuJhBT2I,Dale Otra Vez,2025-11-28,day,121951,121.951,,False,True,,,CA5KR2604648,https://api.spotify.com/v1/tracks/7FeYyhrVasUOsKr7ESqiZ8,https://open.spotify.com/track/7FeYyhrVasUOsKr7ESqiZ8
2026-02-28T17:31:10Z,3Uv9b5HnIjKnw8yTsurAXR,spotify:track:3Uv9b5HnIjKnw8yTsurAXR,MONTAGEM ECLIPSE (Instrumental),3QMpCp3GHiHXgnX1LldXWe,DJ FKU,3WRqQu7JiH1id3L6T5gmA0,MONTAGEM ECLIPSE (Instrumental),2025-12-26,day,129778,129.778,,False,True,,,AEA3A2666454,https://api.spotify.com/v1/tracks/3Uv9b5HnIjKnw8yTsurAXR,https://open.spotify.com/track/3Uv9b5HnIjKnw8yTsurAXR
2026-02-28T17:29:25Z,5bdor4ifFuEfOG7iGHrdJs,spotify:track:5bdor4ifFuEfOG7iGHrdJs,fear,5uZ7rugsxiLvGlUpvB7TGG,NILXRO,3tLo0Y5pigZSnyot7R1ZQT,fear,2025-09-08,day,101400,101.4,,False,True,,,CA5KR2589514,https://api.spotify.com/v1/tracks/5bdor4ifFuEfOG7iGHrdJs,https://open.spotify.com/track/5bdor4ifFuEfOG7iGHrdJs
2026-02-28T17:12:40Z,2gzG0BA9VsWmg10wNscLNp,spotify:track:2gzG0BA9VsWmg10wNscLNp,MONTAGEM PIRANHA,6ejSrvgmt2Rhnv07C1FLov | 3poBLJyorpZVSaAjz6IxjM,VXCA | $hXTGUN!,2lmzgKMXKVKoZwo8Q2z0tp,MONTAGEM PIRANHA,2026-01-16,day,83709,83.709,,True,True,,,US3DF2605010,https://api.spotify.com/v1/tracks/2gzG0BA9VsWmg10wNscLNp,https://open.spotify.com/track/2gzG0BA9VsWmg10wNscLNp
2026-02-28T13:40:41Z,1L9UvkvqfUBHfRLZvbYHFm,spotify:track:1L9UvkvqfUBHfRLZvbYHFm,"Introduction et allegro, M.46",17hR0sYHpx7VYTMRfFUOmY | 2Fuu5tGwM8peUCcmY27gbD | 2vo3wbUV7ATdKj5Qm0c7ne | 1Daz5yxqdRWtaPWnTznHqi | 6VUEcB4QS32RzactYpxr1B | 1m4qcVfkQjFZkjDk0oFYLK | 0c5GLShd3CxQr9kI30mtFh | 2888lcYeORj9KRhyMPulgx,Maurice Ravel | Mélanie Laurent | Manon Galy | Sarah Jégou-Sageman | Élodie Laurent | Maxime Quennesson | Joë Christophe | Joséphine Poncelin de Raucourt,3QJUJXi90Fs10Sq406Sx6y,Pastel,2025-11-21,day,672986,672.986,,False,True,,,FR3KD2500162,https://api.spotify.com/v1/tracks/1L9UvkvqfUBHfRLZvbYHFm,https://open.spotify.com/track/1L9UvkvqfUBHfRLZvbYHFm
2026-02-28T13:23:27Z,1T08XqfbOPbT4FbZe0s0pA,spotify:track:1T08XqfbOPbT4FbZe0s0pA,Songs My Mother Taught Me (Arr. for Violin and Piano by Galy & Gonzalez Buajasan After Powell),6n7nd5iceYpXVwcx8VPpxF | 2vo3wbUV7ATdKj5Qm0c7ne | 3WD0LOteusjTDfyEF2SMq8,Antonín Dvořák | Manon Galy | Jorge Gonzalez Buajasan,3lKyFKYHZigsVbv1KSGZaC,Dvořák: Songs My Mother Taught Me (Arr. for Violin and Piano by Galy & Gonzalez Buajasan After Powell),2026-02-27,day,199480,199.48,,False,True,,,FROV62539704,https://api.spotify.com/v1/tracks/1T08XqfbOPbT4FbZe0s0pA,https://open.spotify.com/track/1T08XqfbOPbT4FbZe0s0pA
2026-02-26T21:42:39Z,2OHcq36FHgNz7WmZeEA7OV,spotify:track:2OHcq36FHgNz7WmZeEA7OV,Dia De Fiesta - Slowed,32Pxa55IN0QAmFtzWcT2w9 | 4DjtkBR7ul4uWZ04P9uBHC | 5zKLWye8G9o3h5nj7OdpsI,qaraqshy | !Nxght | ZNVUTY,7JrbL59UFsMm9MA5MX8ZgZ,Dia De Fiesta,2025-07-01,day,106422,106.422,,False,True,,,FRX452577610,https://api.spotify.com/v1/tracks/2OHcq36FHgNz7WmZeEA7OV,https://open.spotify.com/track/2OHcq36FHgNz7WmZeEA7OV
2026-02-26T21:31:01Z,1UshXirKufVHRFKnryiEi1,spotify:track:1UshXirKufVHRFKnryiEi1,Amor Na Praia - Slowed,5bePP411ITzZyWf1QZ2SX4,Flame Runner,0Qi6ZoqjRHB9W3yZl5Jb25,Amor Na Praia,2025-03-26,day,101480,101.48,,False,True,,,GXD7G2575392,https://api.spotify.com/v1/tracks/1UshXirKufVHRFKnryiEi1,https://open.spotify.com/track/1UshXirKufVHRFKnryiEi1
2026-02-26T21:21:50Z,7C480CXi15TxfELIvmYmgD,spotify:track:7C480CXi15TxfELIvmYmgD,VAI NO VAPOR - Slowed,1Fl1fc7bZfRVUCffh9Uudx,sma$her,6CRlxKVxp2CK3AuG5vVWCG,VAI NO VAPOR,2025-08-15,day,69404,69.404,,False,True,,,QT5M22546715,https://api.spotify.com/v1/tracks/7C480CXi15TxfELIvmYmgD,https://open.spotify.com/track/7C480CXi15TxfELIvmYmgD
2026-02-26T17:55:48Z,2bNWFUCvQ2JabzIYSKR02u,spotify:track:2bNWFUCvQ2JabzIYSKR02u,starless,6DW7lX1yiS5yxPCK87vrm0 | 6WbPhcoZsy8qTv8awLJQI0,ohladays | SKYPLAYA,2PxjP1K0RxptyRu9TkVdfa,starless,2026-01-16,day,233628,233.628,,False,True,,,QZZEB2565765,https://api.spotify.com/v1/tracks/2bNWFUCvQ2JabzIYSKR02u,https://open.spotify.com/track/2bNWFUCvQ2JabzIYSKR02u
2026-02-26T17:51:49Z,5zE2NfNO04DYlvdUrp4tQk,spotify:track:5zE2NfNO04DYlvdUrp4tQk,worry - Slowed,700c9Qz2z6HZKTumeliKAw | 3VSqabfX1NfwVkbLP9ZJib,LONOWN | riserayss,6jyJS5ZnqJfKi1jHQGsQML,worry,2025-10-10,day,201908,201.908,,False,True,,,DGA052526250,https://api.spotify.com/v1/tracks/5zE2NfNO04DYlvdUrp4tQk,https://open.spotify.com/track/5zE2NfNO04DYlvdUrp4tQk
2026-02-25T21:57:29Z,7zMdkX1VNdKgSJPEti8OwT,spotify:track:7zMdkX1VNdKgSJPEti8OwT,Love The Lows,2rgFqpsqtoEJGOr0JzFxtG,Montee,50JKpF36EA6xWYomnonM8E,Love The Lows,2024-05-17,day,191870,191.87,,False,True,,,DEZC62416505,https://api.spotify.com/v1/tracks/7zMdkX1VNdKgSJPEti8OwT,https://open.spotify.com/track/7zMdkX1VNdKgSJPEti8OwT
2026-02-25T12:08:20Z,4bE7iYz2pnGWcl1gs1DlGd,spotify:track:4bE7iYz2pnGWcl1gs1DlGd,BAILE (SLOWED),6ZhleMHIGIpjkBHrQDl4G7,DYGO,3CzglhXJxHCLULbVDuSXL8,BAILE,2025-03-28,day,107454,107.454,,False,True,,,GBKQU2524334,https://api.spotify.com/v1/tracks/4bE7iYz2pnGWcl1gs1DlGd,https://open.spotify.com/track/4bE7iYz2pnGWcl1gs1DlGd
2026-02-25T11:28:21Z,4hdZooF26IGJ8AzsqAvlvj,spotify:track:4hdZooF26IGJ8AzsqAvlvj,LOUCURA LETAL - Slowed,1kd6WqngBvP0Vthu1sGI0j | 5AEQFkU5i6WoB4OkHb32Eb,Nakama | Nxxkz,2DQ0ZQo6ir45AbYHbwDKFh,LOUCURA LETAL,2025-09-12,day,91450,91.45,,False,True,,,CA5KR2591488,https://api.spotify.com/v1/tracks/4hdZooF26IGJ8AzsqAvlvj,https://open.spotify.com/track/4hdZooF26IGJ8AzsqAvlvj
2026-02-24T22:21:29Z,2TkpA2qsGI60157gXszMg0,spotify:track:2TkpA2qsGI60157gXszMg0,Massenet: Thaïs / Acte Deux - Méditation religieuse - Symphonie,1AoIc5YFH0aSFc4mKqBEeB | 7AANfmLM36QqH6QsOQnV3h | 6JAPOSeaWl61UBRKZYgAeZ | 2Ek1WGW7WeyDoxsZiu0AAd,Jules Massenet | Nigel Kennedy | Richard Bonynge | National Philharmonic Orchestra,2TvLg7gLpHyE9VQDWN6X7N,Violin Classics,2016-04-29,day,338560,338.56,,False,True,,,GBF078310270,https://api.spotify.com/v1/tracks/2TkpA2qsGI60157gXszMg0,https://open.spotify.com/track/2TkpA2qsGI60157gXszMg0
2026-02-24T15:12:00Z,5LHQWAgHgkfwQVYP2VN5n5,spotify:track:5LHQWAgHgkfwQVYP2VN5n5,WINNER FUNK - SPED UP,4fZnQlxV6dPZ1CaTN5Ukan,Jokid,7b9fBJovBGGo8WOMRHZybx,WINNER FUNK,2024-04-19,day,89312,89.312,,False,True,,,GB8KE2408297,https://api.spotify.com/v1/tracks/5LHQWAgHgkfwQVYP2VN5n5,https://open.spotify.com/track/5LHQWAgHgkfwQVYP2VN5n5
2026-02-24T14:43:24Z,4jDmJ51x1o9NZB5Nxxc7gY,spotify:track:4jDmJ51x1o9NZB5Nxxc7gY,Careless Whisper,19ra5tSw0tWufvUp8GotLo,George Michael,3coLNlyStg9h7f8CZ103Rl,Ladies And Gentlemen... The Best Of George Michael,1998-11-09,day,300106,300.106,,False,True,,,GBBBM8402006,https://api.spotify.com/v1/tracks/4jDmJ51x1o9NZB5Nxxc7gY,https://open.spotify.com/track/4jDmJ51x1o9NZB5Nxxc7gY
2026-02-24T14:37:18Z,3Vby4nGmtbDo7HDJamOWkT,spotify:track:3Vby4nGmtbDo7HDJamOWkT,Stuck In The Middle With You,7bPU7cvfoD20ixGD9Qnqki,Stealers Wheel,5ApN9lqru1t3Xh1IaEGTll,Stealers Wheel,1972-01-01,day,208946,208.946,,False,True,,,GBAAM7200002,https://api.spotify.com/v1/tracks/3Vby4nGmtbDo7HDJamOWkT,https://open.spotify.com/track/3Vby4nGmtbDo7HDJamOWkT
2026-02-24T14:23:01Z,0UAJH0k4k3slcE83a9UGCe,spotify:track:0UAJH0k4k3slcE83a9UGCe,Lola,1SQRv42e4PjEYfPhS0Tk9E,The Kinks,4jaLfcNpIrOgcPyXuuiHTi,"Lola Versus Powerman and the Moneygoround, Pt. One",1970-11-27,day,241040,241.04,,False,True,,,GBAJE0701939,https://api.spotify.com/v1/tracks/0UAJH0k4k3slcE83a9UGCe,https://open.spotify.com/track/0UAJH0k4k3slcE83a9UGCe
2026-02-24T14:15:24Z,5e9TFTbltYBg2xThimr0rU,spotify:track:5e9TFTbltYBg2xThimr0rU,The Chain - 2004 Remaster,08GQAI4eElDnROBrJRGE0X,Fleetwood Mac,0BwWUstDMUbgq2NYONRqlu,Rumours (Super Deluxe),1977-02-04,day,270213,270.213,,False,True,,,USWB11301116,https://api.spotify.com/v1/tracks/5e9TFTbltYBg2xThimr0rU,https://open.spotify.com/track/5e9TFTbltYBg2xThimr0rU
2026-02-23T23:05:28Z,2JIzOc3HHo4MhiyZzhpBUV,spotify:track:2JIzOc3HHo4MhiyZzhpBUV,Automotivo Bibi Fogosa,6R26kGib2ubbZJMh7kKVGV | 6MSMZkBlZT4vhQmjO5Ynv3 | 1rRhJIu1ufxCjbmMWon6ax,Bibi Babydoll | Dj Brunin XM | KZA Produções,5YHGz0NvgBlhKefmyhP9zO,Automotivo Bibi Fogosa,2023-11-10,day,129799,129.799,,True,True,,,QZMZ92361338,https://api.spotify.com/v1/tracks/2JIzOc3HHo4MhiyZzhpBUV,https://open.spotify.com/track/2JIzOc3HHo4MhiyZzhpBUV
2026-02-23T13:47:53Z,386RUes7n1uM1yfzgeUuwp,spotify:track:386RUes7n1uM1yfzgeUuwp,The Lazy Song,0du5cEVh5yTK9QJze8zA0C,Bruno Mars,6J84szYCnMfzEcvIcfWMFL,Doo-Wops & Hooligans,2010-05-11,day,189109,189.109,,False,True,,,USAT21001886,https://api.spotify.com/v1/tracks/386RUes7n1uM1yfzgeUuwp,https://open.spotify.com/track/386RUes7n1uM1yfzgeUuwp
2026-02-23T13:37:37Z,6etwirSInfuJrSOlogS6Sh,spotify:track:6etwirSInfuJrSOlogS6Sh,American Boy,5T0MSzX9RC5NA6gAI6irSn | 5K4W6rqBFWDnAN6FQUkS6x,Estelle | Kanye West,1fpyVGMhF1vdl4XTFo1IH0,Shine,2008-03-28,day,284733,284.733,,True,True,,,USAT20706210,https://api.spotify.com/v1/tracks/6etwirSInfuJrSOlogS6Sh,https://open.spotify.com/track/6etwirSInfuJrSOlogS6Sh
2026-02-22T21:58:18Z,4mRSbPLnOm54ttkTYvxxSY,spotify:track:4mRSbPLnOm54ttkTYvxxSY,Decks Dark,4Z8W4fKeB5YxbusRsdQVPb,Radiohead,2ix8vWvvSp2Yo7rKMiWpkg,A Moon Shaped Pool,2016-05-08,day,281011,281.011,,False,True,,,GBBKS1600073,https://api.spotify.com/v1/tracks/4mRSbPLnOm54ttkTYvxxSY,https://open.spotify.com/track/4mRSbPLnOm54ttkTYvxxSY
2026-02-22T11:39:10Z,4ZLr3uttCIs13e9EqtbQZA,spotify:track:4ZLr3uttCIs13e9EqtbQZA,Nevada - Slowed + Reverb,0daugAjUgbJSqdlyYNwIbT | 5wMfct6VVvaVQ8xGCXxIUa,Vicetone | Cozi Zuehlsdorff,7kukBtQvFWk2TWAzc00NyN,Nevada (Slowed + Reverb),2026-02-20,day,271299,271.299,,False,True,,,CA6D22600043,https://api.spotify.com/v1/tracks/4ZLr3uttCIs13e9EqtbQZA,https://open.spotify.com/track/4ZLr3uttCIs13e9EqtbQZA
2026-02-21T23:13:24Z,44cLmCbiSm8uTlQSGRGgU4,spotify:track:44cLmCbiSm8uTlQSGRGgU4,念慈菴(Nin Jiom),4LUmhH4A1lvFljre6d00NI,攬佬SKAI ISYOURGOD,5vYWbmWrSSBskg28cRmcjg,八方來財(Stacks from All Sides),2024-08-20,day,139440,139.44,,False,True,,,HKE022272923,https://api.spotify.com/v1/tracks/44cLmCbiSm8uTlQSGRGgU4,https://open.spotify.com/track/44cLmCbiSm8uTlQSGRGgU4
2026-02-21T23:08:41Z,2cUJ6wbyqH8hDZN8VWQ5oC,spotify:track:2cUJ6wbyqH8hDZN8VWQ5oC,因果(Karma Code),4LUmhH4A1lvFljre6d00NI,攬佬SKAI ISYOURGOD,5vYWbmWrSSBskg28cRmcjg,八方來財(Stacks from All Sides),2024-08-20,day,151111,151.111,,False,True,,,HKE022272926,https://api.spotify.com/v1/tracks/2cUJ6wbyqH8hDZN8VWQ5oC,https://open.spotify.com/track/2cUJ6wbyqH8hDZN8VWQ5oC
2026-02-21T21:11:37Z,612VcBshQcy4mpB2utGc3H,spotify:track:612VcBshQcy4mpB2utGc3H,"Tears in Heaven - Acoustic; Live at MTV Unplugged, Bray Film Studios, Windsor, England, UK, 1/16/1992; 2013 Remaster",6PAt558ZEZl0DmdXlnjMgD,Eric Clapton,3ebyEGol0Abc7VAxYf7vEg,Unplugged (Deluxe Edition),1992-08-25,day,280000,280.0,,False,True,,,USRE11300314,https://api.spotify.com/v1/tracks/612VcBshQcy4mpB2utGc3H,https://open.spotify.com/track/612VcBshQcy4mpB2utGc3H
2026-02-21T18:54:13Z,7EyTAAgH5jME3tKxbr8W12,spotify:track:7EyTAAgH5jME3tKxbr8W12,MONTAGEM SANTA FE 2,32Pxa55IN0QAmFtzWcT2w9,qaraqshy,4ewh3IB37fi2jB7ePUsIth,MONTAGEM SANTA FE 2,2025-12-17,day,105665,105.665,,True,True,,,AEA3A2670232,https://api.spotify.com/v1/tracks/7EyTAAgH5jME3tKxbr8W12,https://open.spotify.com/track/7EyTAAgH5jME3tKxbr8W12
2026-02-19T15:18:04Z,2JvzF1RMd7lE3KmFlsyZD8,spotify:track:2JvzF1RMd7lE3KmFlsyZD8,MIDDLE CHILD,6l3HvQ5sa6mXTsMTB19rO5,J. Cole,3XzSOIE6zGLliuqsVGLmUc,MIDDLE CHILD,2019-01-23,day,213593,213.593,,True,True,,,QMJMT1902056,https://api.spotify.com/v1/tracks/2JvzF1RMd7lE3KmFlsyZD8,https://open.spotify.com/track/2JvzF1RMd7lE3KmFlsyZD8
2026-02-19T15:10:06Z,3b7SfOOuVSNRRXNIN563hk,spotify:track:3b7SfOOuVSNRRXNIN563hk,Effortless,0jkqzWx5N4y8CmFFiUCkRz | 0YZQkExXWIRxmnW08hept7,MemoTheMafioso | O'Way,7gzK0truu85sxS9QSUGCPN,Effortless,2019-02-27,day,172093,172.093,,True,True,,,QZDTV1900045,https://api.spotify.com/v1/tracks/3b7SfOOuVSNRRXNIN563hk,https://open.spotify.com/track/3b7SfOOuVSNRRXNIN563hk
2026-02-19T14:45:34Z,1wOgtAfNr4ybN8SlUZS7bb,spotify:track:1wOgtAfNr4ybN8SlUZS7bb,MONTAGEM RITMO ASTRAL (SLOWED),1qaCszXlFNPEnCELYBixa5,M4GN,1gucJzs1Vkd0pQ97DDndZw,MONTAGEM RITMO ASTRAL,2025-04-18,day,125526,125.526,,False,True,,,GBKQU2524211,https://api.spotify.com/v1/tracks/1wOgtAfNr4ybN8SlUZS7bb,https://open.spotify.com/track/1wOgtAfNr4ybN8SlUZS7bb
2026-02-19T14:43:31Z,1riKXZaOkG2nKZXAyCj52s,spotify:track:1riKXZaOkG2nKZXAyCj52s,Noche Eterna (Remixes) - Slowed To Perfection,5bePP411ITzZyWf1QZ2SX4 | 164O6SBXwBBGLV2P809KUS,Flame Runner | RVNGE,7gw55dINizUiFmVf9ejRDo,Noche Eterna (Remixes),2026-01-16,day,115538,115.538,,False,True,,,DEPCR2600022,https://api.spotify.com/v1/tracks/1riKXZaOkG2nKZXAyCj52s,https://open.spotify.com/track/1riKXZaOkG2nKZXAyCj52s
2026-02-19T14:41:30Z,04lp3NE13cBIPpRkmd4zME,spotify:track:04lp3NE13cBIPpRkmd4zME,Dia De Fiesta - Super Slowed,32Pxa55IN0QAmFtzWcT2w9 | 4DjtkBR7ul4uWZ04P9uBHC | 5zKLWye8G9o3h5nj7OdpsI,qaraqshy | !Nxght | ZNVUTY,7JrbL59UFsMm9MA5MX8ZgZ,Dia De Fiesta,2025-07-01,day,120293,120.293,,False,True,,,FRX452577611,https://api.spotify.com/v1/tracks/04lp3NE13cBIPpRkmd4zME,https://open.spotify.com/track/04lp3NE13cBIPpRkmd4zME
2026-02-19T13:32:39Z,5zisVSkEZUJqzWBEZvoagL,spotify:track:5zisVSkEZUJqzWBEZvoagL,RUN FUNK,09cKncAQn28NqTUORLMwSR,Ariis,5mbtZmm0Fpm4zVwGk4Kc2u,RUN FUNK,2026-01-24,day,105062,105.062,,False,True,,,QT5M22616946,https://api.spotify.com/v1/tracks/5zisVSkEZUJqzWBEZvoagL,https://open.spotify.com/track/5zisVSkEZUJqzWBEZvoagL
2026-02-18T18:47:03Z,40LmVPaw4zlLY4LVaLDrUR,spotify:track:40LmVPaw4zlLY4LVaLDrUR,BATIDAO FUNK - SLOWED,5tIkxADHN80ca0K6HCpWIt | 7uVqkohwwi2gCfu42aqXXy | 4AIiJdMZkRakZRPH7Y5k3a | 3NmCkdAbgh8sg535bwC6vs,ZXKAI | Rezcaze | Mc Kaique SP | KINGXND,1ZsZf0BTkaNpraKVI0g9Ga,BATIDAO FUNK,2026-01-26,day,135211,135.211,,True,True,,,QM4TW2676628,https://api.spotify.com/v1/tracks/40LmVPaw4zlLY4LVaLDrUR,https://open.spotify.com/track/40LmVPaw4zlLY4LVaLDrUR
2026-02-17T20:21:01Z,4bJygwUKrRgq1stlNXcgMg,spotify:track:4bJygwUKrRgq1stlNXcgMg,All The Things She Said,2Q3eZMfDQgT8MhPowKFXYO,t.A.T.u.,4vyPN44zoiJXE6hruCCrGB,200 KM/H In The Wrong Lane (10th Anniversary Edition),2002,year,214440,214.44,,True,True,,,RUA110100098,https://api.spotify.com/v1/tracks/4bJygwUKrRgq1stlNXcgMg,https://open.spotify.com/track/4bJygwUKrRgq1stlNXcgMg
2026-02-17T13:34:52Z,4W7qWDj0eb3xJVS2PkLOku,spotify:track:4W7qWDj0eb3xJVS2PkLOku,I Feel Nothing,379awysV31iFn2StJjXPU5,VENATOR,4e5igoRb52LZofMN9YnclA,I Feel Nothing,2025-07-18,day,378181,378.181,,False,True,,,QZWFJ2543867,https://api.spotify.com/v1/tracks/4W7qWDj0eb3xJVS2PkLOku,https://open.spotify.com/track/4W7qWDj0eb3xJVS2PkLOku
2026-02-17T09:30:23Z,1bbyWyt9C4WN6nCVkdiZTB,spotify:track:1bbyWyt9C4WN6nCVkdiZTB,MATADORA - Ultra Slowed,3Tfh86fepXglotJQCWkOGe,DJ Asul,3quyIGy1dBWUoEVK7BWY9c,MATADORA,2025-09-19,day,125321,125.321,,False,True,,,AEA3A2062864,https://api.spotify.com/v1/tracks/1bbyWyt9C4WN6nCVkdiZTB,https://open.spotify.com/track/1bbyWyt9C4WN6nCVkdiZTB
2026-02-16T16:51:28Z,3EYOJ48Et32uATr9ZmLnAo,spotify:track:3EYOJ48Et32uATr9ZmLnAo,Roxanne,5NGO30tJxFlKixkPSgXcFE,The Police,1H9g6j4Wwj6wh6p8YHVtkf,Outlandos D'Amour (Remastered 2003),1978-11-02,day,191946,191.946,,False,True,,,GBAAM0201086,https://api.spotify.com/v1/tracks/3EYOJ48Et32uATr9ZmLnAo,https://open.spotify.com/track/3EYOJ48Et32uATr9ZmLnAo
2026-02-16T16:43:04Z,0jWgAnTrNZmOGmqgvHhZEm,spotify:track:0jWgAnTrNZmOGmqgvHhZEm,What's Up?,0Je74SitssvJg1w4Ra2EK7,4 Non Blondes,2P8M5eo4zWFD0JJtH4D0iA,"Bigger, Better, Faster, More !",1992-01-01,day,295533,295.533,,False,True,,,USIR19200553,https://api.spotify.com/v1/tracks/0jWgAnTrNZmOGmqgvHhZEm,https://open.spotify.com/track/0jWgAnTrNZmOGmqgvHhZEm
2026-02-15T23:10:50Z,6bxukxNnfPyph0sqhnGhpW,spotify:track:6bxukxNnfPyph0sqhnGhpW,wutiwant - SLOWD,04HHljh1nKyEVPeIzM0Oid,saraunh0ly,5RHag2eLXmiwg1nuUSvXll,wutuwant,2024-08-28,day,106173,106.173,,True,True,,,QZZ4J2401423,https://api.spotify.com/v1/tracks/6bxukxNnfPyph0sqhnGhpW,https://open.spotify.com/track/6bxukxNnfPyph0sqhnGhpW
2026-02-15T21:24:28Z,2wCbsLmmjendUDzsMGubP0,spotify:track:2wCbsLmmjendUDzsMGubP0,Chamber of Reflection (Live Cover),6krQn0Lyb7Wj0Yz03Z2Ts0,Your Anxiety Buddy,4SmPOUhbSUydP4jg0KZNfT,Chamber of Reflection (Remixes),2022-10-31,day,150836,150.836,,False,True,,,TCAGL2266683,https://api.spotify.com/v1/tracks/2wCbsLmmjendUDzsMGubP0,https://open.spotify.com/track/2wCbsLmmjendUDzsMGubP0
2026-02-15T00:19:21Z,2QOltdTw8b9M13pWrC2fbG,spotify:track:2QOltdTw8b9M13pWrC2fbG,Control - Slowed,0snouHYzOWSgxRBYMQsa3H,Hensonn,756pgE8lTisJpXgJ86wOsb,Control (Sped Up & Slowed),2023-05-12,day,155745,155.745,,True,True,,,QM6N22365148,https://api.spotify.com/v1/tracks/2QOltdTw8b9M13pWrC2fbG,https://open.spotify.com/track/2QOltdTw8b9M13pWrC2fbG
2026-02-13T13:09:11Z,1oBm0NHfcAYP2jw2W2nbX8,spotify:track:1oBm0NHfcAYP2jw2W2nbX8,PAKISE - Ultra Slowed,55TpSGABb9xsmXHkqbv3ti | 6gzkhdNfpMIPg91TnzlcCh,Rushex | MONTAGEM,2lnmQxPhAWXxpmQLMF3jTg,PAKISE,2025-07-02,day,114427,114.427,,False,True,,,GXBAV2170167,https://api.spotify.com/v1/tracks/1oBm0NHfcAYP2jw2W2nbX8,https://open.spotify.com/track/1oBm0NHfcAYP2jw2W2nbX8
2026-02-12T09:44:34Z,67oyFnjJnn78fZP9KjeZx0,spotify:track:67oyFnjJnn78fZP9KjeZx0,Goodbye Stranger - Remastered 2010,3JsMj0DEzyWc0VDlHuy9Bx,Supertramp,1zcm3UvHNHpseYOUfd0pna,Breakfast In America (Deluxe Edition),1979-03-29,day,350573,350.573,,False,True,,,USUM71021482,https://api.spotify.com/v1/tracks/67oyFnjJnn78fZP9KjeZx0,https://open.spotify.com/track/67oyFnjJnn78fZP9KjeZx0
2026-02-11T22:09:20Z,55q3Ro66yXWi9rsEddeEN4,spotify:track:55q3Ro66yXWi9rsEddeEN4,Pyramid Song,4Z8W4fKeB5YxbusRsdQVPb,Radiohead,1HrMmB5useeZ0F5lHrMvl0,Amnesiac,2001-03-12,day,288733,288.733,,False,True,,,GBAYE0001578,https://api.spotify.com/v1/tracks/55q3Ro66yXWi9rsEddeEN4,https://open.spotify.com/track/55q3Ro66yXWi9rsEddeEN4
2026-02-11T20:50:52Z,6RK3IsiUW6YaSMEodbO4tk,spotify:track:6RK3IsiUW6YaSMEodbO4tk,Solitude - Felsmann + Tiley Reinterpretation,63MQldklfxkjYDoUE4Tppz | 01OXxPlQj4h9zfK5qjU96P,M83 | Felsmann + Tiley,4p7WLVMsRuU9gU3DWfuNTk,Solitude (Felsmann + Tiley Reinterpretation),2020-05-14,day,222354,222.354,,False,True,,,GB5SH2000001,https://api.spotify.com/v1/tracks/6RK3IsiUW6YaSMEodbO4tk,https://open.spotify.com/track/6RK3IsiUW6YaSMEodbO4tk
2026-02-11T16:53:38Z,3C0YRqILGgnRV0ld4w80hY,spotify:track:3C0YRqILGgnRV0ld4w80hY,"Nevada (Instrumental Karaoke Version) [Originally Performed by Vicetone &, Cozi Zuehlsdorff]",4R1jBvI0VYQd5cjnygYCGJ,DJ Stanz,6VwRhuJG6i9xGJzrRnRlAg,"Nevada (Instrumental Karaoke Version) [Originally Performed by Vicetone &, Cozi Zuehlsdorff]",2020-06-15,day,204502,204.502,,False,True,,,GBJHE2052501,https://api.spotify.com/v1/tracks/3C0YRqILGgnRV0ld4w80hY,https://open.spotify.com/track/3C0YRqILGgnRV0ld4w80hY
2026-02-11T16:52:56Z,1kS2sdWNrm9uEMrYLn2EHK,spotify:track:1kS2sdWNrm9uEMrYLn2EHK,Nevada - Slowed & Reverb,0OXY2XGtXjLNnVZjoaSODw | 6fL5VGL0vinKQ5HOviw6iX,PANTHEON | deprezz,1YPTcrG8tJKp2Krm8UFPsW,Nevada (Agartha),2026-01-17,day,200807,200.807,,False,True,,,QZFYZ2651599,https://api.spotify.com/v1/tracks/1kS2sdWNrm9uEMrYLn2EHK,https://open.spotify.com/track/1kS2sdWNrm9uEMrYLn2EHK
2026-02-10T17:23:45Z,5gOd6zDC8vhlYjqbQdJVWP,spotify:track:5gOd6zDC8vhlYjqbQdJVWP,Baker Street,7tjbDPvrdvDshcpEMXKRVb,Gerry Rafferty,35yZZTWeSrszSKjRlFETwf,City to City,1978,year,365626,365.626,,False,True,,,GBAYE7800619,https://api.spotify.com/v1/tracks/5gOd6zDC8vhlYjqbQdJVWP,https://open.spotify.com/track/5gOd6zDC8vhlYjqbQdJVWP
2026-02-10T14:30:25Z,566rVlILCdSHDdSRmKitsi,spotify:track:566rVlILCdSHDdSRmKitsi,Raised from the Inner Core,5GKD9UjN2vdEAkdMsiWq9j,Kaki,05NLOYmXlEYELjDzmHDrJr,Raised from the Inner Core,2024-07-08,day,322391,322.391,,False,True,,,TCAIM2498523,https://api.spotify.com/v1/tracks/566rVlILCdSHDdSRmKitsi,https://open.spotify.com/track/566rVlILCdSHDdSRmKitsi
2026-02-10T13:28:04Z,5YG3xS6A0FgjT05TITrbGO,spotify:track:5YG3xS6A0FgjT05TITrbGO,HARD MODE,3lgh0lWovwBcXgL0Ws5j1j,TNMN,5WLGLHa8XVDi5gR3rNinBG,HARD MODE,2024-05-31,day,334590,334.59,,False,True,,,BEE202400078,https://api.spotify.com/v1/tracks/5YG3xS6A0FgjT05TITrbGO,https://open.spotify.com/track/5YG3xS6A0FgjT05TITrbGO
2026-02-09T18:54:56Z,0eUVG18A7izpaimvvDNPlu,spotify:track:0eUVG18A7izpaimvvDNPlu,Life Letters 2,0j5kVHxvTgUN4nBIPKCLRJ,Never Get Used To People,5uEhzSi0KLQdfJqHSeNmEt,Only Your Favourite Glitches,2021-04-01,day,133960,133.96,,False,True,,,RUA1H2168468,https://api.spotify.com/v1/tracks/0eUVG18A7izpaimvvDNPlu,https://open.spotify.com/track/0eUVG18A7izpaimvvDNPlu
2026-02-08T15:31:23Z,29VdNzgJIxzlIDkIYjFQqS,spotify:track:29VdNzgJIxzlIDkIYjFQqS,Life Letters,0j5kVHxvTgUN4nBIPKCLRJ,Never Get Used To People,2f5voeeirzSQBRR4ovCNnD,Life Letters,2018-12-07,day,148040,148.04,,False,True,,,RUA1D2003440,https://api.spotify.com/v1/tracks/29VdNzgJIxzlIDkIYjFQqS,https://open.spotify.com/track/29VdNzgJIxzlIDkIYjFQqS
2026-02-08T14:20:18Z,1H0bpLaSc7I56Xb8SoxBVr,spotify:track:1H0bpLaSc7I56Xb8SoxBVr,GLEAMING,357dDcxIE2hkKGn03PClIF,YNG Martyr,3pAxPYmWPp6btI1RfSKt4c,GLEAMING,2024-11-01,day,111891,111.891,,True,True,,,AUGBT2467547,https://api.spotify.com/v1/tracks/1H0bpLaSc7I56Xb8SoxBVr,https://open.spotify.com/track/1H0bpLaSc7I56Xb8SoxBVr
2026-02-08T12:07:18Z,6rQCPgrLJMQavladOGpwZt,spotify:track:6rQCPgrLJMQavladOGpwZt,meaningful love - instrumental,1fcxLeCKcWWSgJ4QYiyxbn | 4oKIcMrTqJndxVUTPikgk8,Silo | Steven Cranberry,54XhpPj0TDsWH5U4WVVQZJ,meaningful love,2025-11-23,day,291168,291.168,,False,True,,,QT6F42577384,https://api.spotify.com/v1/tracks/6rQCPgrLJMQavladOGpwZt,https://open.spotify.com/track/6rQCPgrLJMQavladOGpwZt
2026-02-08T11:04:39Z,30HCB1FoE77IfGRyNv4eFq,spotify:track:30HCB1FoE77IfGRyNv4eFq,In Bloom,6olE6TJLqED3rqDCT0FyPh,Nirvana,2guirTSEqLizK7j9i1MTTZ,Nevermind (Remastered),1991-09-26,day,255080,255.08,,False,True,,,USGF19942502,https://api.spotify.com/v1/tracks/30HCB1FoE77IfGRyNv4eFq,https://open.spotify.com/track/30HCB1FoE77IfGRyNv4eFq
2026-02-07T18:50:27Z,6QewNVIDKdSl8Y3ycuHIei,spotify:track:6QewNVIDKdSl8Y3ycuHIei,Even Flow,1w5Kfo2jwwIPruYS2UWh56,Pearl Jam,5B4PYA7wNN4WdEXdIJu58a,Ten,1991-08-27,day,292579,292.579,,True,True,,,USSM19100673,https://api.spotify.com/v1/tracks/6QewNVIDKdSl8Y3ycuHIei,https://open.spotify.com/track/6QewNVIDKdSl8Y3ycuHIei
2026-02-07T15:17:25Z,3HO4NKCVYcjhf3akceulrl,spotify:track:3HO4NKCVYcjhf3akceulrl,Shin Kikoho,6WRdDLBHBXse9SmWAswG91,Grominet Corp,2hMMkmLHQ3WxgO7BQRa5ZC,Shin Kikoho,2023-06-09,day,252003,252.003,,True,True,,,QZMHN2380828,https://api.spotify.com/v1/tracks/3HO4NKCVYcjhf3akceulrl,https://open.spotify.com/track/3HO4NKCVYcjhf3akceulrl
2026-02-07T15:04:15Z,5NExbEaDcy1jghVGiM1PFy,spotify:track:5NExbEaDcy1jghVGiM1PFy,lunacy,1y8iJpDQbs1BPydCu2ToIA,PERXLOM,2PJslRZ3QrjPZBsJzluJY3,lunacy,2024-07-01,day,150400,150.4,,False,True,,,QZNJX2442417,https://api.spotify.com/v1/tracks/5NExbEaDcy1jghVGiM1PFy,https://open.spotify.com/track/5NExbEaDcy1jghVGiM1PFy
2026-02-05T13:46:04Z,6CJABsHyFh5uFZ72MAKTBN,spotify:track:6CJABsHyFh5uFZ72MAKTBN,MY JEALOUSY - Slowed,2VEjtfZuEMFeHHc1Zp5L6R | 3oSZKapuKjNzTOejmMFXn3,vivi baby | ovg!,3IGNBuu7s6KEYk1hAk9N4v,MY JEALOUSY (Remixes),2026-01-07,day,166406,166.406,,True,True,,,QZFZ22635750,https://api.spotify.com/v1/tracks/6CJABsHyFh5uFZ72MAKTBN,https://open.spotify.com/track/6CJABsHyFh5uFZ72MAKTBN
2026-02-04T11:35:03Z,2dF2qbSPXWLiaOAF73llhV,spotify:track:2dF2qbSPXWLiaOAF73llhV,FOCUS - Slowed & Reverb,0V1VdTNoEf0zgx8Q8DcOhh,quietshadow,4Bh90fYJAuSJDsj685zvqP,FOCUS,2025-06-13,day,124716,124.716,,False,True,,,RUAGT2507272,https://api.spotify.com/v1/tracks/2dF2qbSPXWLiaOAF73llhV,https://open.spotify.com/track/2dF2qbSPXWLiaOAF73llhV
2026-02-04T11:08:58Z,3RVZkyTcxaOdK5KrMt9TPZ,spotify:track:3RVZkyTcxaOdK5KrMt9TPZ,vácuo - slowed,7qsKEXc38f3fNQhZ87MLNM,NIKO,6pDb8v5AMEkVfVwwCVlB6q,vácuo,2025-05-16,day,114278,114.278,,True,True,,,QM7282505074,https://api.spotify.com/v1/tracks/3RVZkyTcxaOdK5KrMt9TPZ,https://open.spotify.com/track/3RVZkyTcxaOdK5KrMt9TPZ
2026-02-03T13:23:11Z,2TW37GtISke3eb6MkCH8br,spotify:track:2TW37GtISke3eb6MkCH8br,Become the Warm Jets,0m5FakHKCQdA7UN0PIzMcL,Current Joys,00we7Dqa5Y4Z1MBv2z9bUd,A Different Age,2018-03-02,day,334901,334.901,,False,True,,,QMBZ91743917,https://api.spotify.com/v1/tracks/2TW37GtISke3eb6MkCH8br,https://open.spotify.com/track/2TW37GtISke3eb6MkCH8br
2026-02-03T00:35:06Z,5Gy6XmBcmCZ6xQ4p729ldE,spotify:track:5Gy6XmBcmCZ6xQ4p729ldE,Violent Youth,7K3zpFXBvPcvzhj7zlGJdO,Crystal Castles,2KYBzzK8L9yvBe0k5GeoD8,(III),2012-01-01,day,261650,261.65,,False,True,,,GBUM71206692,https://api.spotify.com/v1/tracks/5Gy6XmBcmCZ6xQ4p729ldE,https://open.spotify.com/track/5Gy6XmBcmCZ6xQ4p729ldE
2026-02-03T00:26:09Z,5fW86jOUa4U8EqYRWpNNa4,spotify:track:5fW86jOUa4U8EqYRWpNNa4,Frail,7K3zpFXBvPcvzhj7zlGJdO,Crystal Castles,60f7DBZ5BIKTlaGak6ooUU,Amnesty (I),2016-08-19,day,169160,169.16,,False,True,,,GBUM71603266,https://api.spotify.com/v1/tracks/5fW86jOUa4U8EqYRWpNNa4,https://open.spotify.com/track/5fW86jOUa4U8EqYRWpNNa4
2026-02-03T00:24:18Z,40gzFTGHDjEsE2x7f00jZ4,spotify:track:40gzFTGHDjEsE2x7f00jZ4,Affection,7K3zpFXBvPcvzhj7zlGJdO,Crystal Castles,2KYBzzK8L9yvBe0k5GeoD8,(III),2012-01-01,day,156716,156.716,,False,True,,,GBUM71206685,https://api.spotify.com/v1/tracks/40gzFTGHDjEsE2x7f00jZ4,https://open.spotify.com/track/40gzFTGHDjEsE2x7f00jZ4
2026-02-02T23:57:23Z,2R3heksil8zmzSFUwYQIPC,spotify:track:2R3heksil8zmzSFUwYQIPC,Empathy,7K3zpFXBvPcvzhj7zlGJdO,Crystal Castles,5B2ipvFV27t5lUQYcNkTpg,Crystal Castles (II),2010-01-01,day,251106,251.106,,False,True,,,GBUM71001708,https://api.spotify.com/v1/tracks/2R3heksil8zmzSFUwYQIPC,https://open.spotify.com/track/2R3heksil8zmzSFUwYQIPC
2026-02-02T23:41:51Z,1xzsEmaU4IXjvxxwQlA8Lz,spotify:track:1xzsEmaU4IXjvxxwQlA8Lz,Crimewave,7K3zpFXBvPcvzhj7zlGJdO,Crystal Castles,6rTfUUv8Kefr6Uo3AaecXi,Crystal Castles,2008-03-18,day,258453,258.453,,False,True,,,GBRQQ0700001,https://api.spotify.com/v1/tracks/1xzsEmaU4IXjvxxwQlA8Lz,https://open.spotify.com/track/1xzsEmaU4IXjvxxwQlA8Lz
2026-02-02T23:16:32Z,76M6IuGoC9ZhdR4IeJ4rGl,spotify:track:76M6IuGoC9ZhdR4IeJ4rGl,SEND TO DAGESTAN,6QgrdoRZrfMlkklJSfz3mU | 1muz6m5F8YybQAUgsL3n3v,JO3Y3T | Interzeak,6sKTiZ6N6ykX7MyxFfuZbf,SEND TO DAGESTAN,2025-03-12,day,228003,228.003,,False,True,,,QZHNA2520325,https://api.spotify.com/v1/tracks/76M6IuGoC9ZhdR4IeJ4rGl,https://open.spotify.com/track/76M6IuGoC9ZhdR4IeJ4rGl
2026-02-02T22:58:49Z,59P3YDbT7fuyI1EgCufZc3,spotify:track:59P3YDbT7fuyI1EgCufZc3,Purple Nights,3FEqp3CeqwEXut9NgsaKic,DRØS,6j0XueoaUlQOpMs56T0OSM,Purple Nights,2024-06-25,day,312247,312.247,,False,True,,,NL3WT2400002,https://api.spotify.com/v1/tracks/59P3YDbT7fuyI1EgCufZc3,https://open.spotify.com/track/59P3YDbT7fuyI1EgCufZc3
2026-02-02T22:51:28Z,2fJzgv0VkODoE35gAyowOw,spotify:track:2fJzgv0VkODoE35gAyowOw,RAPID FIRE,75bJ71Pn6VzBrr6xlbOsbr,ET3RNAL,6WNGbhs1ClxolqqDYIMqeU,RAPID FIRE,2024-09-27,day,440783,440.783,,False,True,,,QZWFF2442611,https://api.spotify.com/v1/tracks/2fJzgv0VkODoE35gAyowOw,https://open.spotify.com/track/2fJzgv0VkODoE35gAyowOw
2026-02-02T22:46:15Z,2hMifD9hULNfjdJo8s7HxF,spotify:track:2hMifD9hULNfjdJo8s7HxF,Inside a Black Hole,5GKD9UjN2vdEAkdMsiWq9j,Kaki,5agjLzbIloIIQTb1siZZyz,Inside a Black Hole,2024-05-31,day,255730,255.73,,False,True,,,TCAIF2430451,https://api.spotify.com/v1/tracks/2hMifD9hULNfjdJo8s7HxF,https://open.spotify.com/track/2hMifD9hULNfjdJo8s7HxF
2026-02-02T22:42:14Z,0CozlCXSCEgMhhka0Umh6M,spotify:track:0CozlCXSCEgMhhka0Umh6M,Predestination,2OzQdhvoVL58E13B9530vS,FUMI,6lWRCKljaPexDMvQR7ULRZ,Predestination,2025-01-07,day,340975,340.975,,False,True,,,NLCK42422224,https://api.spotify.com/v1/tracks/0CozlCXSCEgMhhka0Umh6M,https://open.spotify.com/track/0CozlCXSCEgMhhka0Umh6M
2026-02-02T22:37:57Z,6ioUpMPpC6nAvc9iJRZrMt,spotify:track:6ioUpMPpC6nAvc9iJRZrMt,Siéntate,5WxRbGZ5RbPIvlmDudz0up | 0KAJCvvR3n64DRABcwXVXa,Toxic Machinery | Jånks,7aGkpmCA2uDzjr3MdH4txO,Siéntate,2025-03-18,day,194350,194.35,,True,True,,,GX3Q92570535,https://api.spotify.com/v1/tracks/6ioUpMPpC6nAvc9iJRZrMt,https://open.spotify.com/track/6ioUpMPpC6nAvc9iJRZrMt
2026-02-02T17:14:00Z,1xNmF1Uep5OGutizZSbKvd,spotify:track:1xNmF1Uep5OGutizZSbKvd,One Of Us,0djV4iaxhNfYWpH60ia85o,Joan Osborne,1qgjfFOO3IMDimAuAWZLLt,Relish,1995-01-01,day,320466,320.466,,False,True,,,USPR39500200,https://api.spotify.com/v1/tracks/1xNmF1Uep5OGutizZSbKvd,https://open.spotify.com/track/1xNmF1Uep5OGutizZSbKvd
2026-02-02T11:57:22Z,7fEQia43aYpv3E5GZU5Z8r,spotify:track:7fEQia43aYpv3E5GZU5Z8r,Montagem Supersonic - Sped Up,3SENePgknpJt3DvLK2JAfZ | 2q5vFLZus8uaVSzmIwH4Tz | 1P2tOPRmSa1XzEdtIEYA9W,KHAOS | Jmilton | Mc Jajá,0fauumBf19hArK8Wt3XhkC,Montagem Supersonic,2025-07-04,day,78236,78.236,,True,True,,,QMDA62527743,https://api.spotify.com/v1/tracks/7fEQia43aYpv3E5GZU5Z8r,https://open.spotify.com/track/7fEQia43aYpv3E5GZU5Z8r
2026-01-25T11:58:04Z,2HEYHqPtE7GFUwPWeV6Qif,spotify:track:2HEYHqPtE7GFUwPWeV6Qif,Dug Out,1tWZDk56cffZfgjmgHWuXD,Sus,2GXf3N9XNrvZ7IxXdHKwgl,Dug Out,2020-11-19,day,202057,202.057,,True,True,,,TCAFG2025556,https://api.spotify.com/v1/tracks/2HEYHqPtE7GFUwPWeV6Qif,https://open.spotify.com/track/2HEYHqPtE7GFUwPWeV6Qif
2026-01-24T18:40:16Z,6urCAbunOQI4bLhmGpX7iS,spotify:track:6urCAbunOQI4bLhmGpX7iS,Don't Speak,0cQbJU1aAzvbEmTuljWLlF,No Doubt,3VekjWskUut57hx6W9wqL8,Tragic Kingdom,1995-10-10,day,263560,263.56,,False,True,,,USIR19500279,https://api.spotify.com/v1/tracks/6urCAbunOQI4bLhmGpX7iS,https://open.spotify.com/track/6urCAbunOQI4bLhmGpX7iS
2026-01-19T12:21:16Z,7AB0cUXnzuSlAnyHOqmrZr,spotify:track:7AB0cUXnzuSlAnyHOqmrZr,Faint,6XyY86QOPPrYVGvF9ch6wz,Linkin Park,0f7R0jf0pcTb6K6IVVPcMD,Meteora (Bonus Edition),2003-03-25,day,162106,162.106,,False,True,,,USWB10300468,https://api.spotify.com/v1/tracks/7AB0cUXnzuSlAnyHOqmrZr,https://open.spotify.com/track/7AB0cUXnzuSlAnyHOqmrZr
2026-01-18T19:46:23Z,3WMIr09qvreHtyPSJAKrgB,spotify:track:3WMIr09qvreHtyPSJAKrgB,Pleure - Original Mix,5iQAFziOOVevGMxQ5RqKpt,VILAIN,7msWnMjQFjXyMGUcpJTsks,Pleure,2026-01-15,day,246000,246.0,,False,True,,,CA5KR2607622,https://api.spotify.com/v1/tracks/3WMIr09qvreHtyPSJAKrgB,https://open.spotify.com/track/3WMIr09qvreHtyPSJAKrgB
2026-01-16T21:57:48Z,2oAU3kgh3NQWiat6lMwqBn,spotify:track:2oAU3kgh3NQWiat6lMwqBn,Glance,5GKD9UjN2vdEAkdMsiWq9j,Kaki,293WF2L83MY4fiSa2zQtVQ,Glance,2024-08-23,day,277197,277.197,,False,True,,,TCAIO2453858,https://api.spotify.com/v1/tracks/2oAU3kgh3NQWiat6lMwqBn,https://open.spotify.com/track/2oAU3kgh3NQWiat6lMwqBn
2026-01-16T16:50:38Z,2TG9y7717wHzJEb2C8SAug,spotify:track:2TG9y7717wHzJEb2C8SAug,ultrakill de funk - Sped Up,1M02J1PLobtQYok93DEvVa | 6QwlKB1hO357wh5oNuuInl,slxughter | Crazy Mano,3sg1cC7oyj49HOgwLjvQKB,ultrakill de funk (Sped Up),2023-05-04,day,86000,86.0,,False,True,,,UKZGC2302804,https://api.spotify.com/v1/tracks/2TG9y7717wHzJEb2C8SAug,https://open.spotify.com/track/2TG9y7717wHzJEb2C8SAug
2026-01-16T16:47:43Z,4dgTWmkKLgcThvm9GC8s3v,spotify:track:4dgTWmkKLgcThvm9GC8s3v,RAZNARAZ FUNK - SPED UP,28vzuYcNCFrd0CaN9ZZVod | 2ZsdtIXkb3DCIVaw4Xjdbn,SKYVER | Zhanbxqq,3nDsoo8avqbURTJVv8DxHm,RAZNARAZ FUNK,2024-10-25,day,65999,65.999,,False,True,,,GB8KE2422566,https://api.spotify.com/v1/tracks/4dgTWmkKLgcThvm9GC8s3v,https://open.spotify.com/track/4dgTWmkKLgcThvm9GC8s3v
2026-01-14T12:31:54Z,62KZRwymXq9Rgm8Cm5UCfx,spotify:track:62KZRwymXq9Rgm8Cm5UCfx,The World We Knew (Over And Over),1Mxqyy3pSjf8kZZL4QVxS0,Frank Sinatra,67Evm6gPc9wFSUf1aXOrKO,The World We Knew,1967-08,month,167053,167.053,,False,True,,,USRH10800987,https://api.spotify.com/v1/tracks/62KZRwymXq9Rgm8Cm5UCfx,https://open.spotify.com/track/62KZRwymXq9Rgm8Cm5UCfx
2026-01-13T16:16:53Z,01G6WoEpc3YkeIqDNm8EQT,spotify:track:01G6WoEpc3YkeIqDNm8EQT,REI DO BRASIL - SPED UP,3qycxIGAHj1KyoAQ6PGCO6,Seek,2Fn5kk8jcJxTJaZwvf2PsX,REI DO BRASIL (SPED UP),2023-06-07,day,81235,81.235,,False,True,,,QM7282309134,https://api.spotify.com/v1/tracks/01G6WoEpc3YkeIqDNm8EQT,https://open.spotify.com/track/01G6WoEpc3YkeIqDNm8EQT
2026-01-13T13:43:47Z,0orvncykYQy4mPnIAdhhKM,spotify:track:0orvncykYQy4mPnIAdhhKM,FUNK CRIMINAL - SLOWED,4cM6xcafBAbS9bOa8kAjRj | 1pFLuMBwabtFITLNJlEZ9z,ICEDMANE | DYSMANE,4Y55pjcGWAW8kLIWCHay6F,FUNK CRIMINAL,2025-08-22,day,92462,92.462,,False,True,,,AEA3A2094479,https://api.spotify.com/v1/tracks/0orvncykYQy4mPnIAdhhKM,https://open.spotify.com/track/0orvncykYQy4mPnIAdhhKM
2026-01-10T21:07:53Z,4nhQjBVmahHrPufTO3Mn2G,spotify:track:4nhQjBVmahHrPufTO3Mn2G,HIDEAWAY,1C0qYaeK3MtaDfOWbOnme7 | 6OlOGcrJ8WIRYJXcsGjed4,Zentryc | BLURREDMOVEMENT,4qXrmiVUgSgvKCEagzgj6a,HIDDEN FREQUENCIES,2023-12-08,day,202352,202.352,,False,True,,,QZWFG2395754,https://api.spotify.com/v1/tracks/4nhQjBVmahHrPufTO3Mn2G,https://open.spotify.com/track/4nhQjBVmahHrPufTO3Mn2G
2026-01-09T11:03:45Z,1UGq2PahK0CrhsAO44g5VE,spotify:track:1UGq2PahK0CrhsAO44g5VE,Idontdeservehealing,3j0wOTIKdpQfXAEsdRZqLx,Hades,3cVkN1WsQmVshXk24Ues2V,Idontdeservehealing,2024-09-13,day,208192,208.192,,False,True,,,TCAIQ2450721,https://api.spotify.com/v1/tracks/1UGq2PahK0CrhsAO44g5VE,https://open.spotify.com/track/1UGq2PahK0CrhsAO44g5VE
2026-01-08T17:35:51Z,7hl1REazG2eMQwYLEsMhhz,spotify:track:7hl1REazG2eMQwYLEsMhhz,GOZALO,09cKncAQn28NqTUORLMwSR,Ariis,2b5kmUGgnWXyh4Y0ohWW2b,GOZALO,2025-09-26,day,113513,113.513,,False,True,,,QT5M42560670,https://api.spotify.com/v1/tracks/7hl1REazG2eMQwYLEsMhhz,https://open.spotify.com/track/7hl1REazG2eMQwYLEsMhhz
2026-01-06T13:47:27Z,7psMQLpNFAdWgWggUQpnuJ,spotify:track:7psMQLpNFAdWgWggUQpnuJ,BOO!,3s4SjE8neU2R1WIUE09rkC,DAMP,0zvNa3KDCARPd0TVfh3a7U,BOO!,2024-03-08,day,297586,297.586,,False,True,,,QZES62469393,https://api.spotify.com/v1/tracks/7psMQLpNFAdWgWggUQpnuJ,https://open.spotify.com/track/7psMQLpNFAdWgWggUQpnuJ
2026-01-04T05:06:06Z,5dsPo37kPj8oEg2olFQFl8,spotify:track:5dsPo37kPj8oEg2olFQFl8,SCREWED,45vpZvbGhShVG7wryLJKBa | 3FEqp3CeqwEXut9NgsaKic,KLĀPR | DRØS,0z3rzgNFnmFoiBcxldcYMK,SCREWED,2024-09-13,day,241039,241.039,,False,True,,,QZTBA2434438,https://api.spotify.com/v1/tracks/5dsPo37kPj8oEg2olFQFl8,https://open.spotify.com/track/5dsPo37kPj8oEg2olFQFl8
2026-01-04T03:48:24Z,6XNUWMNQxPkOSPOyCpQSM3,spotify:track:6XNUWMNQxPkOSPOyCpQSM3,Locrian Dominant - Slowed,4Lfqvnzd6MN7hmHJt6LfcY,Aloboi,4AfNnudmIA6fyorpo9C981,Locrian Dominant Variations,2025-03-28,day,153553,153.553,,False,True,,,QZHNA2502433,https://api.spotify.com/v1/tracks/6XNUWMNQxPkOSPOyCpQSM3,https://open.spotify.com/track/6XNUWMNQxPkOSPOyCpQSM3
2026-01-04T02:07:18Z,3uX3KBVcpfkqFMcAAHPj0A,spotify:track:3uX3KBVcpfkqFMcAAHPj0A,Why He Told - Audiomack Fine Tuned Version,6QtgPSJPSzcnn7dPZ4VINp,King Von,0LFwNHWfr3BaKPm1ztSr4k,Why He Told (Audiomack Fine Tuned Version),2020-07-23,day,198054,198.054,,True,True,,,USUYG1780083,https://api.spotify.com/v1/tracks/3uX3KBVcpfkqFMcAAHPj0A,https://open.spotify.com/track/3uX3KBVcpfkqFMcAAHPj0A
2026-01-04T02:00:01Z,3Yvejw28HdH57TskQPZRnw,spotify:track:3Yvejw28HdH57TskQPZRnw,Took Her To The O - Audiomack Fine Tuned Version,6QtgPSJPSzcnn7dPZ4VINp,King Von,3Q0oruqERlJ1gXOXYaYBeO,Took Her To The O (Audiomack Fine Tuned Version),2020-02-20,day,224445,224.445,,True,True,,,USUYG1780081,https://api.spotify.com/v1/tracks/3Yvejw28HdH57TskQPZRnw,https://open.spotify.com/track/3Yvejw28HdH57TskQPZRnw
2026-01-03T07:52:36Z,0B6ZJaS3I891FP8Ewx43Oh,spotify:track:0B6ZJaS3I891FP8Ewx43Oh,Confess Your Love - Funk,3uA4unR7LBOcqjpbOeCs0Y | 4nzcYFR90Ep4i3P6mlZSkP | 5rxkaSGyLjU9IMtHY91Hqk | 2zzveUXTGULrNxwNo0jrss,-Prey | ZMAJOR | zxnc | Emrld!,4hjeM72my2m4wqULPp7ld2,Confess Your Love (Funk),2025-12-05,day,78620,78.62,,False,True,,,CA5KR2601671,https://api.spotify.com/v1/tracks/0B6ZJaS3I891FP8Ewx43Oh,https://open.spotify.com/track/0B6ZJaS3I891FP8Ewx43Oh
2026-01-02T22:28:03Z,5wGsHz4u8LopZlpwIZO60q,spotify:track:5wGsHz4u8LopZlpwIZO60q,Confess Your Love,7cRE1zBQ5riXZrsoU8Z8Re | 1KJ9LBSLbpUb7rHAUdgV5I,Jiandro | ola.wav,2PtCXk5zuZ1vuMfWGfZyyO,Confess Your Love,2025-08-13,day,131253,131.253,,False,True,,,TCAJU2592242,https://api.spotify.com/v1/tracks/5wGsHz4u8LopZlpwIZO60q,https://open.spotify.com/track/5wGsHz4u8LopZlpwIZO60q
2026-01-02T18:48:24Z,0JoUbibY7bpti7CxXqk7OS,spotify:track:0JoUbibY7bpti7CxXqk7OS,plateau - Sped Up,6K9KevAu0cpln7xOsM3Wkm,IVOXYGEN,2jD1hwbY9zN0DrKxWFxVme,plateau,2023-10-13,day,142826,142.826,,False,True,,,QZNMY2303874,https://api.spotify.com/v1/tracks/0JoUbibY7bpti7CxXqk7OS,https://open.spotify.com/track/0JoUbibY7bpti7CxXqk7OS
2025-12-30T03:05:32Z,5ZGzNhBC1sEtYtQ1b6Cy53,spotify:track:5ZGzNhBC1sEtYtQ1b6Cy53,"no, the moon",2cAvReLDmjFQtCJFDJbHBU,Teen Suicide,2jhCAgWyKLEHgu5eQ7LiQZ,i will be my own hell because there is a devil inside my body,2015-10-07,day,152169,152.169,,False,True,,,QMCE71300278,https://api.spotify.com/v1/tracks/5ZGzNhBC1sEtYtQ1b6Cy53,https://open.spotify.com/track/5ZGzNhBC1sEtYtQ1b6Cy53
2025-12-29T21:28:01Z,7L7gY04FRL0F9CzoljVOK3,spotify:track:7L7gY04FRL0F9CzoljVOK3,Help Me Pls!,5GKD9UjN2vdEAkdMsiWq9j,Kaki,73kT3HdsrwiHXhfZgdbtSx,Help Me Pls!,2025-12-05,day,239268,239.268,,False,True,,,QT6652510168,https://api.spotify.com/v1/tracks/7L7gY04FRL0F9CzoljVOK3,https://open.spotify.com/track/7L7gY04FRL0F9CzoljVOK3
2025-12-26T14:52:57Z,35egmKvIZbJjbirRX7OFGe,spotify:track:35egmKvIZbJjbirRX7OFGe,GOZALO - Slowed,09cKncAQn28NqTUORLMwSR,Ariis,2b5kmUGgnWXyh4Y0ohWW2b,GOZALO,2025-09-26,day,120263,120.263,,False,True,,,QT5M42554860,https://api.spotify.com/v1/tracks/35egmKvIZbJjbirRX7OFGe,https://open.spotify.com/track/35egmKvIZbJjbirRX7OFGe
2025-12-22T11:53:19Z,2J75oyJDTz64gdgYOCJlIe,spotify:track:2J75oyJDTz64gdgYOCJlIe,Skins 2,6S1GI59Xa6ClqYBqASQxjq | 7MwpWn0EgCOiihOx6HVQDs,KREZUS | Surreal_dvd,67Tl7Z1cDBIICYaDbh1jMF,Skins 2,2025-06-20,day,194020,194.02,,False,True,,,QMBZ92539944,https://api.spotify.com/v1/tracks/2J75oyJDTz64gdgYOCJlIe,https://open.spotify.com/track/2J75oyJDTz64gdgYOCJlIe
2025-12-19T23:32:04Z,5sUt0LTmK1ssMlyEo7d7zf,spotify:track:5sUt0LTmK1ssMlyEo7d7zf,Xray,6xenmpQHeDugzwDn9H2pSI,CARV,3plMQrGAn4TJieHgy03Y3h,Rcklss011,2023-06-14,day,351400,351.4,,False,True,,,NLCK42232057,https://api.spotify.com/v1/tracks/5sUt0LTmK1ssMlyEo7d7zf,https://open.spotify.com/track/5sUt0LTmK1ssMlyEo7d7zf
2025-12-16T14:10:09Z,2KhsI84Uxi7KAlpfPNfDVy,spotify:track:2KhsI84Uxi7KAlpfPNfDVy,HeadBangers,5qqv3LmRnc0hPFSIYm45Fy | 6Ztv937rk7iQxBObBW9ye0,elMefti | Vortek's,2cjFlaPZ3sb9ffwcKyDh28,HeadBangers,2025-06-05,day,186597,186.597,,False,True,,,FRX282581780,https://api.spotify.com/v1/tracks/2KhsI84Uxi7KAlpfPNfDVy,https://open.spotify.com/track/2KhsI84Uxi7KAlpfPNfDVy
2025-12-16T14:06:51Z,7zfbswxdtSD2SWjNDHcGRo,spotify:track:7zfbswxdtSD2SWjNDHcGRo,Reflex,6Ztv937rk7iQxBObBW9ye0,Vortek's,0JR4IxGnxk12g20TWyHcT2,Reflex,2025-04-24,day,242185,242.185,,False,True,,,FXQ892500073,https://api.spotify.com/v1/tracks/7zfbswxdtSD2SWjNDHcGRo,https://open.spotify.com/track/7zfbswxdtSD2SWjNDHcGRo
2025-12-16T13:52:55Z,5rLBAsIryIgKv17wRiR4AF,spotify:track:5rLBAsIryIgKv17wRiR4AF,Never Give A Fuck,6Ztv937rk7iQxBObBW9ye0 | 4dbWUCOA4VCSQsf1YHbCgx | 6M8M2ZWFNTeFq6d8v55Z2a,Vortek's | Teksa | Spice Up!,2W9uIMBLG7ylilH9rBhKLN,Never Give A Fuck,2022-12-07,day,267609,267.609,,True,True,,,FXQ692200396,https://api.spotify.com/v1/tracks/5rLBAsIryIgKv17wRiR4AF,https://open.spotify.com/track/5rLBAsIryIgKv17wRiR4AF
2025-12-12T14:12:13Z,6AxxHZTffWwQbN9qPbucSi,spotify:track:6AxxHZTffWwQbN9qPbucSi,LET THE WORLD BURN (Hoodtrap / Mylancore Remix),0F3maSKfGGVtfATaAyeyPG | 1JCkyoTjnXO1tOVkcabgci | 1XnhbRQMaWskCBCaDLoOJR,Chris Grey | Kryd | R3BEL,5LhYom1pY8av4MvBofkx4U,LET THE WORLD BURN (Hoodtrap / Mylancore Remix),2025-09-30,day,130000,130.0,,False,True,,,QZYFZ2511237,https://api.spotify.com/v1/tracks/6AxxHZTffWwQbN9qPbucSi,https://open.spotify.com/track/6AxxHZTffWwQbN9qPbucSi
2025-12-10T22:17:15Z,3tTpvK7QgjjQCKGnHt5xn3,spotify:track:3tTpvK7QgjjQCKGnHt5xn3,Peso,13ubrt8QOOCPljQ2FL1Kca,A$AP Rocky,4l6EPpP9hjQrLb8qNB9eC5,LIVE.LOVE.A$AP,2011-10-31,day,169560,169.56,,True,True,,,USRC11101084,https://api.spotify.com/v1/tracks/3tTpvK7QgjjQCKGnHt5xn3,https://open.spotify.com/track/3tTpvK7QgjjQCKGnHt5xn3
2025-12-02T15:06:34Z,3ZaEs1O8BG581qYPHpQ8d6,spotify:track:3ZaEs1O8BG581qYPHpQ8d6,I Smoked Away My Brain (I'm God x Demons Mashup) (feat. Imogen Heap & Clams Casino),13ubrt8QOOCPljQ2FL1Kca | 6Xb4ezwoAQC4516kI89nWz | 5vSQUyT33qxr1xAX2Tkf3A,A$AP Rocky | Imogen Heap | Clams Casino,3eb4GbFzAMjgoRAuuSkoLo,I Smoked Away My Brain (I'm God x Demons Mashup) (feat. Imogen Heap & Clams Casino),2023-08-18,day,190285,190.285,,True,True,,,USRC12302098,https://api.spotify.com/v1/tracks/3ZaEs1O8BG581qYPHpQ8d6,https://open.spotify.com/track/3ZaEs1O8BG581qYPHpQ8d6
2025-11-29T11:08:29Z,2ucY6ydbtoe4UYF8zHYiwi,spotify:track:2ucY6ydbtoe4UYF8zHYiwi,SHITTY MUSIC,66FZq0wsY6770bc4O9Dlig | 2w2F0FNIB80MQPxICKbjqf,Vieze Asbak | SLVL,4tWeQ6IxtoKkExPIql7qVi,SHITTY MUSIC,2025-11-28,day,160875,160.875,,True,True,,,UKZGC2510489,https://api.spotify.com/v1/tracks/2ucY6ydbtoe4UYF8zHYiwi,https://open.spotify.com/track/2ucY6ydbtoe4UYF8zHYiwi
2025-11-27T13:06:52Z,57Ju5lrvYBZJvmxKFrtzSt,spotify:track:57Ju5lrvYBZJvmxKFrtzSt,envy - slowed,1M02J1PLobtQYok93DEvVa,slxughter,4KtkPcD2WUXZUW7ibEI25d,envy,2025-07-11,day,126401,126.401,,True,True,,,UKZGC2506140,https://api.spotify.com/v1/tracks/57Ju5lrvYBZJvmxKFrtzSt,https://open.spotify.com/track/57Ju5lrvYBZJvmxKFrtzSt
2025-11-26T11:30:07Z,2wAJTrFhCnQyNSD3oUgTZO,spotify:track:2wAJTrFhCnQyNSD3oUgTZO,Work Out,6l3HvQ5sa6mXTsMTB19rO5,J. Cole,0fhmJYVhW0e4i33pCLPA5i,Cole World: The Sideline Story,2011-09-27,day,235320,235.32,,True,True,,,USQX91100801,https://api.spotify.com/v1/tracks/2wAJTrFhCnQyNSD3oUgTZO,https://open.spotify.com/track/2wAJTrFhCnQyNSD3oUgTZO
2025-11-25T23:07:24Z,6Q1NPLtp9IzcXmCutp3Qmo,spotify:track:6Q1NPLtp9IzcXmCutp3Qmo,Baby Are You Home,4O15NlyKLIASxsJ0PrXPfz,Lil Uzi Vert,7mgdTKTCdfnLoa1HXHvLYM,Lil Uzi Vert vs. The World,2016-05-27,day,230295,230.295,,True,True,,,USAT21601722,https://api.spotify.com/v1/tracks/6Q1NPLtp9IzcXmCutp3Qmo,https://open.spotify.com/track/6Q1NPLtp9IzcXmCutp3Qmo
2025-11-25T13:59:14Z,7fEoXCZTZFosUFvFQg1BmW,spotify:track:7fEoXCZTZFosUFvFQg1BmW,Took Her To The O,6QtgPSJPSzcnn7dPZ4VINp,King Von,1ZRAeQ6zsPJ5W1K3DvpRpP,Levon James,2020-03-06,day,196179,196.179,,True,True,,,USUYG1296663,https://api.spotify.com/v1/tracks/7fEoXCZTZFosUFvFQg1BmW,https://open.spotify.com/track/7fEoXCZTZFosUFvFQg1BmW
2025-11-24T12:24:03Z,6Py0YCpoNiGhG4Ft8Fpcw7,spotify:track:6Py0YCpoNiGhG4Ft8Fpcw7,NO BATIDÃO - Super Slowed,5tIkxADHN80ca0K6HCpWIt | 1M02J1PLobtQYok93DEvVa,ZXKAI | slxughter,5kB03HrxWnYPPB9BvwbYG1,NO BATIDÃO,2025-09-05,day,117223,117.223,,True,True,,,QMFME2517991,https://api.spotify.com/v1/tracks/6Py0YCpoNiGhG4Ft8Fpcw7,https://open.spotify.com/track/6Py0YCpoNiGhG4Ft8Fpcw7
2025-11-24T09:30:52Z,1eCrtZ9IuaeBMjTdPU453W,spotify:track:1eCrtZ9IuaeBMjTdPU453W,ACIDO III,6ESoeEazu57neU7UM6KRuC | 7dUNKhz7HdxExteqcREGLi,UdieNnx | Mc Denny,5xKDwnwKEgP3tvBAjq581C,ACIDO III,2025-10-24,day,83081,83.081,,False,True,,,DGA062559539,https://api.spotify.com/v1/tracks/1eCrtZ9IuaeBMjTdPU453W,https://open.spotify.com/track/1eCrtZ9IuaeBMjTdPU453W
2025-11-24T08:09:20Z,1kC53U9faEDH7KN9hKqjQA,spotify:track:1kC53U9faEDH7KN9hKqjQA,Papi,1Q6CDBTFFKnanZ20DS2QnQ | 5C9HSvVi06YZftH6UVnd6V | 6xVsW7h4SzGxh6iIgaJQm7,Reggio | KNTRLVRLST | Moji,58yNJpoRbZJlYPIVldaK2Q,Papi,2025-11-21,day,184874,184.874,,True,True,,,NLZ542500579,https://api.spotify.com/v1/tracks/1kC53U9faEDH7KN9hKqjQA,https://open.spotify.com/track/1kC53U9faEDH7KN9hKqjQA
2025-11-20T11:54:26Z,7vg9noSnFEyPfwLiaCW4vi,spotify:track:7vg9noSnFEyPfwLiaCW4vi,NO BATIDÃO,5tIkxADHN80ca0K6HCpWIt | 1M02J1PLobtQYok93DEvVa,ZXKAI | slxughter,5kB03HrxWnYPPB9BvwbYG1,NO BATIDÃO,2025-09-05,day,89745,89.745,,True,True,,,QMFME2517989,https://api.spotify.com/v1/tracks/7vg9noSnFEyPfwLiaCW4vi,https://open.spotify.com/track/7vg9noSnFEyPfwLiaCW4vi
2025-11-15T07:19:11Z,2mNGL7mZILSqZHxGboJaO9,spotify:track:2mNGL7mZILSqZHxGboJaO9,COMË N GO,3qiHUAX7zY4Qnjx8TNUzVx,Yeat,61PCQeDaTD2gwfpHFikpbh,DANGEROUS SUMMER,2025-08-01,day,198620,198.62,,True,True,,,USUM72508238,https://api.spotify.com/v1/tracks/2mNGL7mZILSqZHxGboJaO9,https://open.spotify.com/track/2mNGL7mZILSqZHxGboJaO9
2025-11-11T07:25:46Z,2anqvLXhJRNLJC6K4XD0Mj,spotify:track:2anqvLXhJRNLJC6K4XD0Mj,Disparate Youth,6Jrxnp0JgqmeUX1veU591p,Santigold,6rftyuGexVemDEXwhli59f,Disparate Youth,2012-03-09,day,284400,284.4,,False,True,,,GBAHS1100389,https://api.spotify.com/v1/tracks/2anqvLXhJRNLJC6K4XD0Mj,https://open.spotify.com/track/2anqvLXhJRNLJC6K4XD0Mj
2025-11-10T00:02:53Z,7D0RhFcb3CrfPuTJ0obrod,spotify:track:7D0RhFcb3CrfPuTJ0obrod,Sparks,4gzpq5DPGxSnKTe4SA8HAU,Coldplay,6ZG5lRT77aJ3btmArcykra,Parachutes,2000-07-10,day,227093,227.093,,False,True,,,GBAYE0000569,https://api.spotify.com/v1/tracks/7D0RhFcb3CrfPuTJ0obrod,https://open.spotify.com/track/7D0RhFcb3CrfPuTJ0obrod
2025-11-08T16:52:08Z,7ljMTlA3J0vboCz3Lsf7DH,spotify:track:7ljMTlA3J0vboCz3Lsf7DH,Break It Down,5WxRbGZ5RbPIvlmDudz0up,Toxic Machinery,4xfgSHlVhmYuvXKHQv8Efr,Break It Down,2025-11-07,day,143715,143.715,,False,True,,,BEB682501000,https://api.spotify.com/v1/tracks/7ljMTlA3J0vboCz3Lsf7DH,https://open.spotify.com/track/7ljMTlA3J0vboCz3Lsf7DH
2025-11-07T12:13:12Z,1A7qPfbcyRVEdcZiwTFhZI,spotify:track:1A7qPfbcyRVEdcZiwTFhZI,Memory Reboot,4KRllJ2dEeoqvxOQLOgOsI | 3QZtwiUoyaXbl1JssMPIQ7,VØJ | Narvent,134MPeCAA7a1yRC1rRFQCx,Memory Reboot,2023-01-13,day,209416,209.416,,False,True,,,QM4TW2307105,https://api.spotify.com/v1/tracks/1A7qPfbcyRVEdcZiwTFhZI,https://open.spotify.com/track/1A7qPfbcyRVEdcZiwTFhZI
2025-11-06T12:41:36Z,1WJBLeq31ACjiZfR9fXoiZ,spotify:track:1WJBLeq31ACjiZfR9fXoiZ,DOMINO,2PpUCLkf954me3aSiDeRzB | 4fZnQlxV6dPZ1CaTN5Ukan,zaqzar. | Jokid,05JnJZjjL1utSMGq3s1GJb,DOMINO,2025-03-21,day,166956,166.956,,False,True,,,QZHNC2522966,https://api.spotify.com/v1/tracks/1WJBLeq31ACjiZfR9fXoiZ,https://open.spotify.com/track/1WJBLeq31ACjiZfR9fXoiZ
2025-11-04T22:45:25Z,0ftAkkQNjX4dsQlJYIlhMm,spotify:track:0ftAkkQNjX4dsQlJYIlhMm,Give Me More - Just Rawer,4Lfqvnzd6MN7hmHJt6LfcY,Aloboi,2roHHy2ZllCttCNOW1eGcd,Just DnB Flips (Give Me More),2024-12-13,day,148000,148.0,,False,True,,,QZZ7S2421419,https://api.spotify.com/v1/tracks/0ftAkkQNjX4dsQlJYIlhMm,https://open.spotify.com/track/0ftAkkQNjX4dsQlJYIlhMm
2025-11-03T21:10:21Z,7wmkVwtNrqqHRG4CFpCPvb,spotify:track:7wmkVwtNrqqHRG4CFpCPvb,Grounded,3elvqJwCi7gKIbXv4WOyCr,Jameson Nathan Jones,3dDB5GOvwpgqOU5YpDGGyN,Signals,2020-03-13,day,243843,243.843,,False,True,,,QZFZ42048995,https://api.spotify.com/v1/tracks/7wmkVwtNrqqHRG4CFpCPvb,https://open.spotify.com/track/7wmkVwtNrqqHRG4CFpCPvb
2025-11-03T13:18:33Z,57Z6TJCTMACXxdrcwZ3Zvf,spotify:track:57Z6TJCTMACXxdrcwZ3Zvf,Phantom,0EyhkwP3UnwGFBy6xwKjSy | 4sY0lTSkfDMMt27cVvFT6o,EsDeeKid | Rico Ace,1TP95xOGiWqdVOu4hGbuug,Rebel,2025-06-20,day,109759,109.759,,True,True,,,QZHN32557300,https://api.spotify.com/v1/tracks/57Z6TJCTMACXxdrcwZ3Zvf,https://open.spotify.com/track/57Z6TJCTMACXxdrcwZ3Zvf
2025-10-29T08:43:18Z,3wynI4tCs1XMc4zlmG6pvu,spotify:track:3wynI4tCs1XMc4zlmG6pvu,fragment - slowed,1M02J1PLobtQYok93DEvVa,slxughter,0RXePjKXiL1bMMiMWNjxNw,fragment,2025-01-17,day,97857,97.857,,False,True,,,QM4TW2530214,https://api.spotify.com/v1/tracks/3wynI4tCs1XMc4zlmG6pvu,https://open.spotify.com/track/3wynI4tCs1XMc4zlmG6pvu
2025-10-28T15:27:07Z,3wGEeWmp71dPyMkuk3FBsN,spotify:track:3wGEeWmp71dPyMkuk3FBsN,JUJALARIM FUNK,3Xd2WSaNywx5gn1pgRPFjF,Eternxlkz,3i3zWt8l5ArKj9w9gJEgpR,JUJALARIM FUNK,2023-10-13,day,121858,121.858,,False,True,,,QMFME2368090,https://api.spotify.com/v1/tracks/3wGEeWmp71dPyMkuk3FBsN,https://open.spotify.com/track/3wGEeWmp71dPyMkuk3FBsN
2025-10-28T09:19:04Z,50HjEO12DATlIGRgWecHkx,spotify:track:50HjEO12DATlIGRgWecHkx,THE END,2fiIN3QcJvjXFcRWnPwUgD | 0dvtLRu7WVJfrOPyzyh0xV,NightMareWB | SPIXLEX,4ooX0pv19bZ3BCpHp521Yl,THE END,2025-04-11,day,116258,116.258,,False,True,,,GBKQU2523727,https://api.spotify.com/v1/tracks/50HjEO12DATlIGRgWecHkx,https://open.spotify.com/track/50HjEO12DATlIGRgWecHkx
2025-10-27T19:10:38Z,3xO7yLHU8cTglvxXHFdrSc,spotify:track:3xO7yLHU8cTglvxXHFdrSc,retire (final),6nFwmnSA3mMtoePROXi5LT,Alvedon,25XJBVmqWiNDVw9sqMQFBY,hurry up mixtape,2021-08-01,day,214588,214.588,,False,True,,,QZK6J2131668,https://api.spotify.com/v1/tracks/3xO7yLHU8cTglvxXHFdrSc,https://open.spotify.com/track/3xO7yLHU8cTglvxXHFdrSc
2025-10-20T20:28:21Z,7KcDQmNEF6sdyyqrKGoP8f,spotify:track:7KcDQmNEF6sdyyqrKGoP8f,Fall For You,5C9HSvVi06YZftH6UVnd6V,KNTRLVRLST,6JYIu5ekoQfoA4ANp5c734,Fall For You,2025-07-31,day,268264,268.264,,False,True,,,GBKQU2578439,https://api.spotify.com/v1/tracks/7KcDQmNEF6sdyyqrKGoP8f,https://open.spotify.com/track/7KcDQmNEF6sdyyqrKGoP8f
2025-10-20T19:53:43Z,6Aa1mgWObwzmpkaDqklRwf,spotify:track:6Aa1mgWObwzmpkaDqklRwf,WHAT THE FXCK - Original Mix,6ckpwJf9H0To1UZWdq6zYU,PALØ,2sAvsRWPb7kHHEefzmKCzA,Dance With Us,2024-02-15,day,318000,318.0,,False,True,,,DEZN82363234,https://api.spotify.com/v1/tracks/6Aa1mgWObwzmpkaDqklRwf,https://open.spotify.com/track/6Aa1mgWObwzmpkaDqklRwf
2025-10-16T16:27:03Z,2JKNi3bWhHtVYRhHyX8Wll,spotify:track:2JKNi3bWhHtVYRhHyX8Wll,DEL AMOR,1yevH7mkPMXeSTnA9SwHvq | 1lpPb0grX95giST5LLNOuJ | 0z9ZCh4EXDX3iXuw7QGiLp,SEKIMANE | TRXSHBXY | zxnc.,2YIySDRRNkzJpLbTBSnVNN,DEL AMOR,2025-05-23,day,78861,78.861,,True,True,,,QM7282558279,https://api.spotify.com/v1/tracks/2JKNi3bWhHtVYRhHyX8Wll,https://open.spotify.com/track/2JKNi3bWhHtVYRhHyX8Wll
2025-10-16T15:52:40Z,0xS70AAoyz3rTKTB4QXzXW,spotify:track:0xS70AAoyz3rTKTB4QXzXW,ISSO QUE,2pSZUKZzn3wQhReLfBdw9D | 3YsIsmq7wAZm5Tpj0TQq3w | 0IxMzS7JZe3GmqDYsomXzj,DRXGMIND | N9PXLUS | SUCCESSXR,4ISrSm5Inbh4vdWRKvvK5U,ISSO QUE,2025-08-22,day,100785,100.785,,False,True,,,AEA3A2084059,https://api.spotify.com/v1/tracks/0xS70AAoyz3rTKTB4QXzXW,https://open.spotify.com/track/0xS70AAoyz3rTKTB4QXzXW
2025-10-16T15:13:02Z,3cyvanHxq0O6NqWA0xRoyn,spotify:track:3cyvanHxq0O6NqWA0xRoyn,SENTE MAIS - SPED UP,3Xd2WSaNywx5gn1pgRPFjF,Eternxlkz,6ftRtXEvB8fwT0kWKs1XG4,SENTE MAIS,2025-08-01,day,109265,109.265,,True,True,,,QMDA72521194,https://api.spotify.com/v1/tracks/3cyvanHxq0O6NqWA0xRoyn,https://open.spotify.com/track/3cyvanHxq0O6NqWA0xRoyn
2025-10-16T15:06:58Z,6Xn3CV408rI4YEYRJtZP0p,spotify:track:6Xn3CV408rI4YEYRJtZP0p,DEVE SER ELA! (SLOWED),4RnM2qExKVcy2IMQBa3a52,svlient,7vSRa5MJSfF5eT7mjOwdqZ,DEVE SER ELA!,2025-04-04,day,102260,102.26,,False,True,,,GB8KE2508694,https://api.spotify.com/v1/tracks/6Xn3CV408rI4YEYRJtZP0p,https://open.spotify.com/track/6Xn3CV408rI4YEYRJtZP0p
2025-10-15T19:03:31Z,3dIRyhHmJ8QW0qwinhS62Q,spotify:track:3dIRyhHmJ8QW0qwinhS62Q,Dernière Danse - Hard Techno Edit,2zdIePmkWwpZote67KM17v | 2DyAvufHza4om6Vgqlt0v8 | 1C0qYaeK3MtaDfOWbOnme7 | 3QOoehgGbLM1oaygJq1agn,Sandro Cardio | GEWOONRAVES | Zentryc | AEXTRAX,5Hr7JnW2Br8fWBo9v7S6TU,Dernière Danse (Hard Techno Edit),2025-10-10,day,218205,218.205,,False,True,,,QT3F42516203,https://api.spotify.com/v1/tracks/3dIRyhHmJ8QW0qwinhS62Q,https://open.spotify.com/track/3dIRyhHmJ8QW0qwinhS62Q
2025-10-14T21:31:33Z,3xg09pEUD0na73Xa9Vb7cP,spotify:track:3xg09pEUD0na73Xa9Vb7cP,Hold Me Pls,5GKD9UjN2vdEAkdMsiWq9j,Kaki,0I7wB0Tw2F5zuVZ7XIUWlL,Hold Me Pls,2025-10-10,day,246144,246.144,,False,True,,,QT65Y2561676,https://api.spotify.com/v1/tracks/3xg09pEUD0na73Xa9Vb7cP,https://open.spotify.com/track/3xg09pEUD0na73Xa9Vb7cP
2025-10-13T10:19:02Z,37Tmv4NnfQeb0ZgUC4fOJj,spotify:track:37Tmv4NnfQeb0ZgUC4fOJj,Sultans Of Swing,0WwSkZ7LtFUFjGjMZBMt6T,Dire Straits,2rCS6Xwx32V27pvgFzLzlT,Dire Straits,1978-10-07,day,348400,348.4,,False,True,,,GBF089601041,https://api.spotify.com/v1/tracks/37Tmv4NnfQeb0ZgUC4fOJj,https://open.spotify.com/track/37Tmv4NnfQeb0ZgUC4fOJj
2025-10-13T10:18:30Z,20I8RduZC2PWMWTDCZuuAN,spotify:track:20I8RduZC2PWMWTDCZuuAN,Take Me Out,0XNa1vTidXlvJ2gHSsRi4A,Franz Ferdinand,0vi5ePiEHrGZJF7QhnDW2z,Franz Ferdinand,2004-02-16,day,237026,237.026,,False,True,,,GBCEL0300192,https://api.spotify.com/v1/tracks/20I8RduZC2PWMWTDCZuuAN,https://open.spotify.com/track/20I8RduZC2PWMWTDCZuuAN
2025-10-13T07:58:57Z,5HVgGqbb29KBJmy6f0Ig4n,spotify:track:5HVgGqbb29KBJmy6f0Ig4n,heksed03 - Slowed,7jNRvkQa0tjgv3WYOzH2St,DISGRACEMODE,4e6deGSqMdmrDsXHK8eizc,heksed03,2025-07-18,day,158769,158.769,,False,True,,,CA5KR2542926,https://api.spotify.com/v1/tracks/5HVgGqbb29KBJmy6f0Ig4n,https://open.spotify.com/track/5HVgGqbb29KBJmy6f0Ig4n
2025-10-12T16:52:50Z,789denPtIjQTwLkDBEKBwS,spotify:track:789denPtIjQTwLkDBEKBwS,Ha Ha,14lZi2xEonJg9DyYk9JBak,Onlynumbers,7mjFnLxT2jQAxqMP6kLhg8,Ha Ha,2025-02-20,day,222000,222.0,,False,True,,,FR10S2547370,https://api.spotify.com/v1/tracks/789denPtIjQTwLkDBEKBwS,https://open.spotify.com/track/789denPtIjQTwLkDBEKBwS
2025-10-12T15:22:27Z,4ZUeBi11DrO97BvT8RW5mB,spotify:track:4ZUeBi11DrO97BvT8RW5mB,No Balance,5UG2ipdnA4vk8Eevkf1s06 | 3kKttmkT96hcdqjZUvlhmn,HOLY PRIEST | Manji,7hiRyFuZoKeezC8OSlamy1,No Balance,2024-09-05,day,171000,171.0,,True,True,,,CA5KR2492074,https://api.spotify.com/v1/tracks/4ZUeBi11DrO97BvT8RW5mB,https://open.spotify.com/track/4ZUeBi11DrO97BvT8RW5mB
2025-10-12T08:17:31Z,50Nf4JQ0KjZEZhYS4rmU43,spotify:track:50Nf4JQ0KjZEZhYS4rmU43,hypnotic,6JjQbtAO09K7qBEW2pdX5s,isq,1dNr9lYDxO0pyG6poLIVWA,hypnotic,2024-05-31,day,92825,92.825,,False,True,,,QZMER2420033,https://api.spotify.com/v1/tracks/50Nf4JQ0KjZEZhYS4rmU43,https://open.spotify.com/track/50Nf4JQ0KjZEZhYS4rmU43
2025-10-10T18:49:06Z,7CamPqvtPVGW9LbaJfYk8E,spotify:track:7CamPqvtPVGW9LbaJfYk8E,LA PASIÓN FUNK!,2icgSrnPhwtcJvLWpZG7o4 | 6GJkh3poEvlXZkyNTps8kQ,DSTYL | Daciva,1oGpk7REa7HJaYobp0vhkR,LA PASIÓN FUNK!,2025-07-25,day,118935,118.935,,False,True,,,QZWFM2555480,https://api.spotify.com/v1/tracks/7CamPqvtPVGW9LbaJfYk8E,https://open.spotify.com/track/7CamPqvtPVGW9LbaJfYk8E
2025-10-10T12:21:44Z,1WiUP4PWT9epw1hVW3qrRO,spotify:track:1WiUP4PWT9epw1hVW3qrRO,Factory Of Love - Radio Edit,5MfhDVXKIbAcZDLKAMDSlR,Leo Bufera,2JtRknH7E1njOv9Zic4pMi,Factory Of Love,2025-05-16,day,203560,203.56,,False,True,,,CA5KR2528703,https://api.spotify.com/v1/tracks/1WiUP4PWT9epw1hVW3qrRO,https://open.spotify.com/track/1WiUP4PWT9epw1hVW3qrRO
