source_type,source_row_index,spotify_track_id,isrc,track_name,artist_names,duration_ms,event_time,time_range,rank,playlist_id,playlist_name,playlist_position,match_status,match_method,matched_ds001_id,matched_song,matched_artist,duration_delta_ms,reason,preference_weight
top_tracks,1,6JkioJZkImC4GRzgw5MGMO,GBUM71700956,Sgt. Pepper's Lonely Hearts Club Band - 2017 Mix,The Beatles,122133,,short_term,1,,,,unmatched,,,,,,no_ds001_candidate,50.000000
top_tracks,4,2zyxrWJaUgH1kNbcSnn4dC,DELE21612408,"Toccata & Fugue in D Minor, BWV 565 (Transc. I. Friedman): Fugue",Johann Sebastian Bach | Roberto Cominati,316746,,short_term,4,,,,unmatched,,,,,,no_ds001_candidate,12.500000
top_tracks,5,08XKCwMrwEAyyfTCTGkkhg,GBUM71700961,With A Little Help From My Friends - 2017 Mix,The Beatles,165293,,short_term,5,,,,unmatched,,,,,,no_ds001_candidate,10.000000
top_tracks,6,1T08XqfbOPbT4FbZe0s0pA,FROV62539704,Songs My Mother Taught Me (Arr. for Violin and Piano by Galy & Gonzalez Buajasan After Powell),Antonín Dvořák | Manon Galy | Jorge Gonzalez Buajasan,199480,,short_term,6,,,,unmatched,,,,,,no_ds001_candidate,8.333333
top_tracks,9,7u7iJ2Ib9hvID6XEa5Q0ip,GBUM71001044,In Dulce Jubilo (For Maureen),Mike Oldfield,166066,,short_term,9,,,,unmatched,,,,,,no_ds001_candidate,5.555556
top_tracks,10,0oE6A9bCTnQsT5lXFJxVzb,QZPLR2253103,"Married Life (from ""Up"")",Jacob's Piano,166622,,short_term,10,,,,unmatched,,,,,,no_ds001_candidate,5.000000
top_tracks,11,4gBxiDBESs2s2dgyUaqEWv,GBAAN8000013,Arc Of A Diver,Steve Winwood,328506,,short_term,11,,,,unmatched,,,,,,no_ds001_candidate,4.545455
top_tracks,13,03XVN6x6W02DZXqqPNH9Lr,GBAAN8000016,Dust,Steve Winwood,381333,,short_term,13,,,,unmatched,,,,,,no_ds001_candidate,3.846154
top_tracks,15,0kEDYd5bgOdo2yjTaXGMi4,GBUM71700963,Within You Without You - 2017 Mix,The Beatles,307586,,short_term,15,,,,unmatched,,,,,,no_ds001_candidate,3.333333
top_tracks,16,1vGfZYrNSxT72PdgToMubU,USRC16007151,Such a Night,Elvis Presley,181968,,short_term,16,,,,unmatched,,,,,,no_ds001_candidate,3.125000
top_tracks,19,5jFr0DzRfDI9QcQ9NG4ltE,DEF059430527,"Le nozze di Figaro, K. 492, Act II: No. 12, Voi che sapete",Wolfgang Amadeus Mozart | Cecilia Bartoli | Wiener Philharmoniker | Claudio Abbado,147000,,short_term,19,,,,unmatched,,,,,,no_ds001_candidate,2.631579
top_tracks,20,65mQIDMBEI6KsCPphwWKrK,GBUM71700947,Being For The Benefit Of Mr. Kite! - 2017 Mix,The Beatles,159200,,short_term,20,,,,unmatched,,,,,,no_ds001_candidate,2.500000
top_tracks,22,6b4BCZJT6W622djmunsBzl,USMR18930347,"Mission - Live In San Diego, California/1988",Rush,346466,,short_term,22,,,,unmatched,,,,,,no_ds001_candidate,2.500000
top_tracks,26,5NdzToomqRRxNSR0F0nUHg,GBBLY0606398,Music Box Dancer,Frank Mills,192360,,short_term,26,,,,unmatched,,,,,,no_ds001_candidate,2.500000
top_tracks,28,4gzLeEbCDmgK5XuhgXZt7x,GBUM71700951,Lovely Rita - 2017 Mix,The Beatles,165800,,short_term,28,,,,unmatched,,,,,,no_ds001_candidate,2.500000
top_tracks,29,0SH68QO8BDQpxezIZE91Ba,GBUM71700957,Sgt. Pepper's Lonely Hearts Club Band (Reprise) - 2017 Mix,The Beatles,80600,,short_term,29,,,,unmatched,,,,,,no_ds001_candidate,2.500000
top_tracks,30,0ldihDAaEYrlk68C4oSewz,GBUM71700950,Good Morning Good Morning - 2017 Mix,The Beatles,154466,,short_term,30,,,,unmatched,,,,,,no_ds001_candidate,2.500000
top_tracks,34,0l0wAg37zHIadmfSc282Hu,GBAYC9004998,"Sarasate: Spanish Dances, Op. 23: II. Zapateado (Allegro)",Pablo de Sarasate | Itzhak Perlman | Samuel Sanders,195973,,short_term,34,,,,unmatched,,,,,,no_ds001_candidate,2.500000
top_tracks,42,4xxn8GDqs7RUwgZTNznXNp,USWB19904166,Dueling Banjos,Eric Weissberg | Steve Mandell,194879,,short_term,42,,,,unmatched,,,,,,no_ds001_candidate,2.500000
top_tracks,45,6GzMz3s0K1YKwRVI36CgRx,HKI199610305,"Liebestraume, S541/R211 : No. 3: Nocturne in A-Flat Major",Franz Liszt | Jenő Jandó,270000,,short_term,45,,,,unmatched,,,,,,no_ds001_candidate,2.500000
top_tracks,48,2st9kwCck5g6hjUwwRGQCE,GBAYC9503392,"Sarasate: Zigeunerweisen, Op. 20",Pablo de Sarasate | Itzhak Perlman | Abbey Road Ensemble,517706,,short_term,48,,,,unmatched,,,,,,no_ds001_candidate,2.500000
top_tracks,50,2UQaaIJqGD3k2FYV4mjt9Z,USAR29301259,Chaconne,Johann Sebastian Bach | Nathan Milstein,829053,,short_term,50,,,,unmatched,,,,,,no_ds001_candidate,2.500000
top_tracks,51,0zHc9jVOLmAONeZfUtqQ6H,KRB461800289,"La Campanella from the Violin Concerto No 2 in B Minor, Op. 7",Niccolò Paganini | Roman Kim | Jure Gorucan,392000,,short_term,51,,,,unmatched,,,,,,no_ds001_candidate,2.500000
top_tracks,55,1R9uNg9F6WINW53YMwG3GP,USRC16005322,"Dirty, Dirty Feeling",Elvis Presley,96566,,short_term,55,,,,unmatched,,,,,,no_ds001_candidate,2.500000
top_tracks,57,1dGIHdI2bkAyALXNMQ3s2R,USRC16007198,Make Me Know It,Elvis Presley,122311,,short_term,57,,,,unmatched,,,,,,no_ds001_candidate,2.500000
top_tracks,59,1wOp7yTVyH176bW1z9WAiv,USAT22403017,Carry You Home,Alex Warren,166880,,short_term,59,,,,unmatched,,,,,,no_ds001_candidate,2.500000
top_tracks,60,2BQGfESOhrW5VpEXhVdoic,USRC10501913,Thrill of Your Love,Elvis Presley,183055,,short_term,60,,,,unmatched,,,,,,no_ds001_candidate,2.500000
top_tracks,62,2NeKjEryWM5VZToeosUsUu,USRC16005320,The Girl of My Best Friend,Elvis Presley,145519,,short_term,62,,,,unmatched,,,,,,no_ds001_candidate,2.500000
top_tracks,63,2bi3SJI9GYzBEvPOh53EpX,USRC16005321,I Will Be Home Again,Elvis Presley,156541,,short_term,63,,,,unmatched,,,,,,no_ds001_candidate,2.500000
top_tracks,65,36rlDduHIpnVQMFznr1GDy,USRC16005328,Like a Baby,Elvis Presley,161893,,short_term,65,,,,unmatched,,,,,,no_ds001_candidate,2.500000
top_tracks,66,3CADzRN1OykvppXzYJRRHq,USRC16005324,Soldier Boy,Elvis Presley,187251,,short_term,66,,,,unmatched,,,,,,no_ds001_candidate,2.500000
top_tracks,68,3bNlkT7b8SlGEFgDYgHemj,SE6HN2173663,Disney Pixar's Up - Married Life / piano version - Instrumental Version,Santiago Melo,119250,,short_term,68,,,,unmatched,,,,,,no_ds001_candidate,2.500000
top_tracks,74,4noe32LLODXkYV5FqkTIKT,DEF058803212,"Toccata & Fugue in D Minor, BWV 565: II. Fugue",Johann Sebastian Bach | Simon Preston,354200,,short_term,74,,,,unmatched,,,,,,no_ds001_candidate,2.500000
top_tracks,75,4ogNDyqRuHvv3qADGiCazn,SEUM70500101,Should I Laugh Or Cry - Intro Version,ABBA,272333,,short_term,75,,,,unmatched,,,,,,no_ds001_candidate,2.500000
top_tracks,76,4zRZfRxsvUIOETGCvkkboc,USRC16007255,The Girl Next Door Went A'Walking,Elvis Presley,135713,,short_term,76,,,,unmatched,,,,,,no_ds001_candidate,2.500000
top_tracks,78,5RsdY1b0JSQTGeONEYFcwm,USRC16005326,It Feels So Right,Elvis Presley,131832,,short_term,78,,,,unmatched,,,,,,no_ds001_candidate,2.500000
top_tracks,79,5kRtxsw0JGktZ4fkeXCLlh,SEUM71200350,From A Twinkling Star To A Passing Angel - Demo Medley,ABBA,547880,,short_term,79,,,,unmatched,,,,,,no_ds001_candidate,2.500000
top_tracks,85,6gG5Xmu1lphjsxUDprMWLm,USSM19927699,"The Goonies 'R' Good Enough - From ""The Goonies"" Soundtrack",Cyndi Lauper,216866,,short_term,85,,,,unmatched,,,,,,no_ds001_candidate,2.500000
top_tracks,86,73m8WuJlhzVusTVzJCGaDZ,USRC16007197,Fever,Elvis Presley,215264,,short_term,86,,,,unmatched,,,,,,no_ds001_candidate,2.500000
top_tracks,88,0rhUvAqeXfG4gl4IZhglgX,GBAKW0300439,I Hear You Now,Jon & Vangelis,288200,,short_term,88,,,,unmatched,,,,,,no_ds001_candidate,2.500000
top_tracks,89,3mzKP5WdcB86KPOcpD663W,GBUM71204301,Arc Of A Diver: The Steve Winwood Story,Steve Winwood,3393133,,short_term,89,,,,unmatched,,,,,,no_ds001_candidate,2.500000
top_tracks,99,0yoHlBKXHK6uqkKKrR6549,AUUS00634627,Married Life (Up Movie Theme),Hollywood Classics,58185,,short_term,99,,,,unmatched,,,,,,no_ds001_candidate,2.500000
top_tracks,103,1AXyXGUFvce3tNwRDelbPf,GBAJY1509802,"Scherzo in B Minor, MWV U69",Felix Mendelssohn | Howard Shelley,66173,,short_term,103,,,,unmatched,,,,,,no_ds001_candidate,2.500000
top_tracks,105,1emZ9HriFeDe36qbVSUB9L,USACU0503383,Teddy Bear Song,Barbara Fairchild,184386,,short_term,105,,,,unmatched,,,,,,no_ds001_candidate,2.500000
top_tracks,106,1i5oEx2vFczQ2sCY3c6Kn5,USAM19500609,Love Hurts,Nazareth,233133,,short_term,106,,,,unmatched,,,,,,no_ds001_candidate,2.500000
top_tracks,107,1ksmaYi2yWCMG46EWbm1kX,UK4YE1300059,Running in the Family - Unplugged,Level 42,283599,,short_term,107,,,,unmatched,,,,,,no_ds001_candidate,2.500000
top_tracks,108,1qqtb9WEtsanQpElKWQs9x,GBAAN8000014,Spanish Dancer,Steve Winwood,360266,,short_term,108,,,,unmatched,,,,,,no_ds001_candidate,2.500000
top_tracks,111,28fI85MOgzcIPWpS4NNMYP,USMR18930344,Marathon - Live In Birmingham England/1988,Rush,399666,,short_term,111,,,,unmatched,,,,,,no_ds001_candidate,2.500000
top_tracks,112,2MUWyT5IwC78FzzvJ7GpJU,QZDA42456093,Now We Are Free (from “Gladiator”) - Piano Version,Jacob's Piano,191756,,short_term,112,,,,unmatched,,,,,,no_ds001_candidate,2.500000
top_tracks,113,2xZSSlwJvomeVI7YWbjlay,GBGVZ0850002,Albatross,The Session,189973,,short_term,113,,,,unmatched,,,,,,no_ds001_candidate,2.500000
top_tracks,114,2zfzktmvCMIIPaey2DiO9H,USSM22600232,"Piano Man - Live at Wembley Arena, June 8, 1984",Billy Joel,459520,,short_term,114,,,,unmatched,,,,,,no_ds001_candidate,2.500000
top_tracks,117,3AMCuMIDuPKM2nxf3dKyx4,USJT12000129,"Absolute Beginners - Live at BBC Radio Theatre, London, 27th June, 2000; 2021 Remaster",David Bowie,394876,,short_term,117,,,,unmatched,,,,,,no_ds001_candidate,2.500000
top_tracks,119,3M7A89P5LDjRzoRjeMp0ad,GBAYD8300163,Amor vittorioso - 1989 Digital Remaster,The King's Singers | Consort Of Musicke,43266,,short_term,119,,,,unmatched,,,,,,no_ds001_candidate,2.500000
top_tracks,120,3NOX2QXWXZe1N10iboNVZP,SE6HN2173661,Passacaglia / Handel - Instrumental Version,Santiago Melo,157500,,short_term,120,,,,unmatched,,,,,,no_ds001_candidate,2.500000
top_tracks,121,3W0rRQVOE5mE5qNjsgiXjL,BEY449800215,"Theme From ""Hawaii Five-0""",The Whodads,111893,,short_term,121,,,,unmatched,,,,,,no_ds001_candidate,2.500000
top_tracks,123,3i0DP1AB6ha4JlFH8RrB1n,GBAAN8100002,Sweetheart,Marianne Faithfull,197160,,short_term,123,,,,unmatched,,,,,,no_ds001_candidate,2.500000
top_tracks,125,3wLBK5rqH6MjvN7EubEKTC,GBAAN8000015,Night Train,Steve Winwood,470066,,short_term,125,,,,unmatched,,,,,,no_ds001_candidate,2.500000
top_tracks,126,3wq4jcgClEawNa7v54onJe,GBAYE2100037,Suburbia - 2023 Remaster,Pet Shop Boys,244986,,short_term,126,,,,unmatched,,,,,,no_ds001_candidate,2.500000
top_tracks,129,4H01mwwbBufDk74Gg4wwkV,USWWW0127629,Slowdown Sundown,Steve Winwood,327173,,short_term,129,,,,unmatched,,,,,,no_ds001_candidate,2.500000
top_tracks,131,4jgdKiZhbD6BlVMhCf4NJH,GBAYE1700764,Opportunities (Let's Make Lots of Money) - 2018 Remaster,Pet Shop Boys,223666,,short_term,131,,,,unmatched,,,,,,no_ds001_candidate,2.500000
top_tracks,132,4peE8TByata0dJsmmwlFtC,USUM72508072,Distant Early Warning - 2026 Terry Brown Mix,Rush,295380,,short_term,132,,,,unmatched,,,,,,no_ds001_candidate,2.500000
top_tracks,133,55OFR7IaTUPbKuqT1TqmhQ,GBSWE0813179,Mission Impossible,DLG Orchestra,194773,,short_term,133,,,,unmatched,,,,,,no_ds001_candidate,2.500000
top_tracks,134,56pV40GccoDi3obX7YoKfO,USUM72508182,"Kid Gloves - Live At Maple Leaf Gardens, Toronto, Canada - September 21, 1984",Rush,262973,,short_term,134,,,,unmatched,,,,,,no_ds001_candidate,2.500000
top_tracks,137,5vrMM7hAZPQx9955euW6Jb,USJT11700514,Blue Jean - 2018 Remaster,David Bowie,191906,,short_term,137,,,,unmatched,,,,,,no_ds001_candidate,2.500000
top_tracks,138,6MOvNZLlCiR8kUvvK61B4z,GBUM71204304,Arc Of A Diver - Edited / US Single Version,Steve Winwood,255240,,short_term,138,,,,unmatched,,,,,,no_ds001_candidate,2.500000
top_tracks,140,6mVlGhXn7yXqI3iiwfeyHj,ITUM71701149,X Colpa Di Chi? - Remastered 2017,Zucchero,194600,,short_term,140,,,,unmatched,,,,,,no_ds001_candidate,2.500000
top_tracks,142,7a1vlK2RyPLh05moKO1fQf,USWWW0127628,Second-Hand Woman,Steve Winwood,221160,,short_term,142,,,,unmatched,,,,,,no_ds001_candidate,2.500000
top_tracks,147,1lfQ1Upwiu5Fr9doTkspv3,ITVK71600007,"Jill's Theme - From ""Once Upon A Time In The West""",Ennio Morricone | Czech National Symphony Orchestra | Csaba Kiss | Péter Gyüvészi | Stefano Cucci,186040,,short_term,147,,,,unmatched,,,,,,no_ds001_candidate,2.500000
top_tracks,148,1ns4tLflyL2FDgH23Wq7hu,GBAYC8100207,"Mozart: Don Giovanni, K. 527: Overture",Wolfgang Amadeus Mozart | Sir Neville Marriner | Academy of St. Martin in the Fields,390200,,short_term,148,,,,unmatched,,,,,,no_ds001_candidate,2.500000
top_tracks,149,1nsUmjTDFBHtF0e9YDZKkG,USUV72503791,"Between The Wheels - Live At Maple Leaf Gardens, Toronto, Canada, September 21, 1984",Rush,341023,,short_term,149,,,,unmatched,,,,,,no_ds001_candidate,2.500000
top_tracks,151,3xkHsmpQCBMytMJNiDf3Ii,USWB12307016,Beautiful Things,Benson Boone,180304,,short_term,151,,,,unmatched,,,,,,no_ds001_candidate,2.500000
top_tracks,153,52q3JFaEKB54R12ciC7J4P,USWB10500058,"Cherish - 7"" Version",Madonna,243417,,short_term,153,,,,unmatched,,,,,,no_ds001_candidate,2.500000
top_tracks,156,6WzRpISELf3YglGAh7TXcG,USUG12303876,Popular (with Playboi Carti & Madonna) - From The Idol Vol. 1 (Music from the HBO Original Series),The Weeknd | Playboi Carti | Madonna,215466,,short_term,156,,,,unmatched,,,,,,no_ds001_candidate,2.500000
top_tracks,157,6ppj20FRcnCAaM7vRhJd0b,DEA809199028,"Mozart: Così fan tutte, K. 588, Act 1: Sestetto. ""Alla bella Despinetta"" (Fiordiligi, Dorabella, Despina, Ferrando, Don Alfonso, Guglielmo)",Wolfgang Amadeus Mozart | Nikolaus Harnoncourt | Royal Concertgebouw Orchestra | Anna Steiger | Charlotte Margiono | Delores Ziegler | Deon Van Der Walt | Gilles Cachemaille | Thomas Hampson,282506,,short_term,157,,,,unmatched,,,,,,no_ds001_candidate,2.500000
top_tracks,158,6vNZ2o21cwzNHozR6zY70n,GBUM71204302,Night Train - Instrumental Version,Steve Winwood,403360,,short_term,158,,,,unmatched,,,,,,no_ds001_candidate,2.500000
top_tracks,161,0pNeVovbiZHkulpGeOx1Gj,GBAYE0601691,Something - Remastered 2009,The Beatles,182293,,short_term,161,,,,unmatched,,,,,,no_ds001_candidate,2.500000
top_tracks,166,389QX9Q1eUOEZ19vtzzI9O,GBAYE0601650,While My Guitar Gently Weeps - Remastered 2009,The Beatles,285000,,short_term,166,,,,unmatched,,,,,,no_ds001_candidate,2.500000
top_tracks,175,09x9v1o51dbqi5H0u7UGfp,GBAYE0601659,I Will - Remastered 2009,The Beatles,105933,,short_term,175,,,,unmatched,,,,,,no_ds001_candidate,2.500000
top_tracks,178,2mxByJWOajjiVsLWjNXvDJ,GBAYE0601693,Oh! Darling - Remastered 2009,The Beatles,207240,,short_term,178,,,,unmatched,,,,,,no_ds001_candidate,2.500000
top_tracks,180,3m7V717IKZqZLW5qUIOxdD,GBAYE0900596,Hey Jude - Remastered 2009,The Beatles,431333,,short_term,180,,,,unmatched,,,,,,no_ds001_candidate,2.500000
top_tracks,182,5Qe7NHxeLAn8KoLTNLSdwe,GBAYE0801384,I Want To Hold Your Hand - Remastered 2009,The Beatles,146720,,short_term,182,,,,unmatched,,,,,,no_ds001_candidate,2.500000
top_tracks,184,0AhfsdWmbBuwsqXLk93pFn,GBAYD8300169,Or si rallegri il cielo - 1989 Digital Remaster,The King's Singers,103933,,short_term,184,,,,unmatched,,,,,,no_ds001_candidate,2.500000
top_tracks,185,0FagZA3eFiW0beR4xRSlOl,GBAYD0800097,Hummelflug (from Das Märchen vom Zar Saltan),Nikolai Rimsky-Korsakov | The King's Singers,78000,,short_term,185,,,,unmatched,,,,,,no_ds001_candidate,2.500000
top_tracks,186,0HD6R75qng3N7Zn5uXxYUW,GBAYD8300170,"Who made thee, Hob, forsake the plough? - 1989 Digital Remaster",The King's Singers | Anthony Holt | Consort Of Musicke | Simon Carrington,81666,,short_term,186,,,,unmatched,,,,,,no_ds001_candidate,2.500000
top_tracks,187,0K6SwVltkkQyt4Zrl4PxfF,GBAAN8100004,Easy In The City,Marianne Faithfull,196333,,short_term,187,,,,unmatched,,,,,,no_ds001_candidate,2.500000
top_tracks,188,0NvGpIcpzNo0FipKe9naaC,GBAYD0800098,Gitarren spielt auf,Ludwig Schmidseder | The King's Singers,194000,,short_term,188,,,,unmatched,,,,,,no_ds001_candidate,2.500000
top_tracks,191,0cQeKUAZNOLLpyayaIlvr2,GBAYD0700481,"Friml : The Donkey Serenade (From ""The Firefly"")",Herbert Stothart | Rudolph Friml | The King's Singers,206000,,short_term,191,,,,unmatched,,,,,,no_ds001_candidate,2.500000
top_tracks,192,0dn75T5dNMj24StMbpgegI,GBAYD8300193,"Ach, weh des Leiden - 1989 Digital Remaster",The King's Singers,184706,,short_term,192,,,,unmatched,,,,,,no_ds001_candidate,2.500000
top_tracks,193,0frJ9pMEs3EjpM15wjO5Zv,GBAYD0800096,Wenn der Wind weht über das Meer,Werner R. Heymann | The King's Singers,210000,,short_term,193,,,,unmatched,,,,,,no_ds001_candidate,2.500000
top_tracks,195,0jFh6JsXyZPBCLip0J8JxZ,GBAYD8300176,La Guerre - 1989 Digital Remaster,The King's Singers,368173,,short_term,195,,,,unmatched,,,,,,no_ds001_candidate,2.500000
top_tracks,196,0mkXphWUcailJA6IsV9DQD,SE6HN2173662,Date 2 & Mitsuha's Theme - Kimi no Na wa soundtrack - Instrumental Version,Santiago Melo,239374,,short_term,196,,,,unmatched,,,,,,no_ds001_candidate,2.500000
top_tracks,197,0wab34q52CInxmZ0y54nUL,GBAYD0800099,"No, No, Nanette: Tea for two",Vincent Youmans | The King's Singers,215000,,short_term,197,,,,unmatched,,,,,,no_ds001_candidate,2.500000
top_tracks,202,1cFnx0fwY6C1Sac1oFNidf,GBAYD8300172,Too much I once lamented - 1989 Digital Remaster,The King's Singers,211240,,short_term,202,,,,unmatched,,,,,,no_ds001_candidate,2.500000
top_tracks,203,1eT2CjXwFXNx6oY5ydvzKU,GBAYE0601566,Hey Jude,The Beatles,238854,,short_term,203,,,,unmatched,,,,,,no_ds001_candidate,2.500000
top_tracks,204,1fTmXn3DfiyHfDTO1kDzbo,GBAYD8300183,Faulte d'argent,The King's Singers | Consort Of Musicke,119906,,short_term,204,,,,unmatched,,,,,,no_ds001_candidate,2.500000
top_tracks,205,1rjVExUon7W4mbFYfshpBX,GBAYC8806615,Simon / Arr Cullen: Bridge Over Troubled Water,Paul Simon | The King's Singers | Carl Davis | English Chamber Orchestra,269106,,short_term,205,,,,unmatched,,,,,,no_ds001_candidate,2.500000
top_tracks,208,1zADrAQ8PdoGvfTBfoD6NE,GBAYD8300188,Fatal la parte - 1989 Digital Remaster,The King's Singers,54000,,short_term,208,,,,unmatched,,,,,,no_ds001_candidate,2.500000
top_tracks,209,26IwBD0SdVGuuEtzjAyiXZ,GBAYD0800102,Wochenend und Sonnenschein,Milton Ager | The King's Singers,184000,,short_term,209,,,,unmatched,,,,,,no_ds001_candidate,2.500000
top_tracks,211,2IKdyQqPlccmFZ5NHIm0KI,GX8LE2601708,Passacaglia,Pianist Daisy,194067,,short_term,211,,,,unmatched,,,,,,no_ds001_candidate,2.500000
top_tracks,212,2Jge2Q6MP538tvpNXQXpUE,GBAYD8300192,"Ach Elslein, liebes Elselein - 1989 Digital Remaster",Anthony Rooley | The King's Singers,171533,,short_term,212,,,,unmatched,,,,,,no_ds001_candidate,2.500000
top_tracks,215,2ToZuyfrugosCKm2WkCVLF,GBAYD8300182,Un gentil amoureux,The King's Singers | Consort Of Musicke,153160,,short_term,215,,,,unmatched,,,,,,no_ds001_candidate,2.500000
top_tracks,216,2VJIpkgyMX96mKktuxfGHD,GBAYD8300165,Il bianco e dolce cigno - 1989 Digital Remaster,The King's Singers | Anthony Holt,124666,,short_term,216,,,,unmatched,,,,,,no_ds001_candidate,2.500000
top_tracks,218,2W9jQGznleSwY8PXpsqPf2,GBAAN8100003,Intrigue,Marianne Faithfull,271173,,short_term,218,,,,unmatched,,,,,,no_ds001_candidate,2.500000
top_tracks,219,2bIAXDcBRWV3iiU1UoiX2c,GBAYD8300178,"Mignonne, allons voir si la rose",Anthony Rooley | The King's Singers | Simon Carrington,151173,,short_term,219,,,,unmatched,,,,,,no_ds001_candidate,2.500000
top_tracks,220,2bJvI42r8EF3wxjOuDav4r,USRC11402647,Time of Our Lives,Pitbull | Ne-Yo,229358,,short_term,220,,,,unmatched,,,,,,no_ds001_candidate,2.500000
top_tracks,221,2mnUGxY7QpO62QH1KqhY4O,USRE10900396,Can't Find My Way Home - Live from Madison Square Garden,Eric Clapton | Steve Winwood,332813,,short_term,221,,,,unmatched,,,,,,no_ds001_candidate,2.500000
top_tracks,222,2nafCirhlhOrADztKGd7RI,GBAYD0800094,"Eins, zwei, drei, vier",Paul Abraham | The King's Singers,121000,,short_term,222,,,,unmatched,,,,,,no_ds001_candidate,2.500000
top_tracks,223,2zQ4IChuAANJf70vz3ICoP,GBAYD8300187,"Cucú, Cucú - 1989 Digital Remaster",The King's Singers,57733,,short_term,223,,,,unmatched,,,,,,no_ds001_candidate,2.500000
top_tracks,224,30RT4IksXQitnbcoqCrFWm,GBAYD8300185,La tricotea Samartin la vea - 1989 Digital Remaster,The King's Singers | Consort Of Musicke,94826,,short_term,224,,,,unmatched,,,,,,no_ds001_candidate,2.500000
top_tracks,225,32LUH7H9vkYVhFHIeQFA34,GBAYD8300167,Ultimi mei sospiri - 1989 Digital Remaster,The King's Singers,201066,,short_term,225,,,,unmatched,,,,,,no_ds001_candidate,2.500000
top_tracks,226,32q4kkoVx7hcYHAt13IN1k,GBAYC8806616,Simon / Arr Cullen: The Sound of Silence,Paul Simon | The King's Singers | Carl Davis | English Chamber Orchestra,328493,,short_term,226,,,,unmatched,,,,,,no_ds001_candidate,2.500000
top_tracks,227,34lupuiXvgbzqcOfPdrNic,GBFUA1000001,Spanish Dancer - 2010 Version,Steve Winwood,370693,,short_term,227,,,,unmatched,,,,,,no_ds001_candidate,2.500000
top_tracks,228,36sUwBECBd5voRbwrdIbBX,GBAYD8300191,Vitrum nostrum gloriosum - 1989 Digital Remaster,The King's Singers | Consort Of Musicke,89826,,short_term,228,,,,unmatched,,,,,,no_ds001_candidate,2.500000
top_tracks,230,3HG6k7ljKJoX9BMXGhYxnQ,GBAYD8300344,Now is The Month of Maying - 1989 Digital Remaster,The King's Singers,145000,,short_term,230,,,,unmatched,,,,,,no_ds001_candidate,2.500000
top_tracks,231,3Ie2eLOIj2IhKnzPwXrLbJ,USSM17100342,She's Got a Way,Billy Joel,175083,,short_term,231,,,,unmatched,,,,,,no_ds001_candidate,2.500000
top_tracks,233,3e7HfcY4WOppERKwFko08Q,GBAYD0700479,Stormy Weather,Harold Arlen | The King's Singers,233000,,short_term,233,,,,unmatched,,,,,,no_ds001_candidate,2.500000
top_tracks,234,3hPwiRNVmWd69wDNeavd9T,GBAAN8100005,Strange One,Marianne Faithfull,172333,,short_term,234,,,,unmatched,,,,,,no_ds001_candidate,2.500000
top_tracks,235,3lLvfaaU1ARbxAB2qhtIym,FR50X2302612,"Così fan tutte, K.588, Act I: Sextetto. ""Alla bella Despinetta""",Wolfgang Amadeus Mozart | Golda Schultz | Kammerakademie Potsdam | Antonello Manacorda | Julie Roset | Amitai Pati | Ashley Dixon Santelli | Milan Siljanov | Samuel Dale Johnson,268880,,short_term,235,,,,unmatched,,,,,,no_ds001_candidate,2.500000
top_tracks,236,3mMyeGK1uUYhal3mERJ44H,GBAYD8300190,Tanzen und Springen - 1989 Digital Remaster,The King's Singers | Consort Of Musicke,104000,,short_term,236,,,,unmatched,,,,,,no_ds001_candidate,2.500000
top_tracks,237,3n0nEpArcSjh04tGYiO14P,GBAYD8300164,Lirum bililirum - 1989 Digital Remaster,The King's Singers | Consort Of Musicke,97666,,short_term,237,,,,unmatched,,,,,,no_ds001_candidate,2.500000
top_tracks,240,3vZs8o4aKQS7IZdtIN544J,GBAYD0800095,Das ist die Liebe der Matrosen,Werner R. Heymann | The King's Singers,185000,,short_term,240,,,,unmatched,,,,,,no_ds001_candidate,2.500000
top_tracks,242,3yu8uEsdvZUA1vSKt32dpu,GBAYD0800091,"Liebling, mein Herz läßt dich grüßen",Werner R. Heymann | The King's Singers,173000,,short_term,242,,,,unmatched,,,,,,no_ds001_candidate,2.500000
top_tracks,244,4850v7DuT7raVYAWc1ODPv,USSM17600479,"Summer, Highland Falls",Billy Joel,200165,,short_term,244,,,,unmatched,,,,,,no_ds001_candidate,2.500000
top_tracks,245,48DYQUzmiq76xTpGUTAW2z,GBAYD8300194,Das Glaut zu Speyer - 1989 Digital Remaster,The King's Singers,67000,,short_term,245,,,,unmatched,,,,,,no_ds001_candidate,2.500000
top_tracks,246,4Az17xLJj5BF4FDgusAp62,GBAYD8300184,Tres morillas m'enamoran - 1989 Digital Remaster,Anthony Rooley | The King's Singers,147000,,short_term,246,,,,unmatched,,,,,,no_ds001_candidate,2.500000
top_tracks,248,4RY3rpkmwSYNekFUDDZEiY,GBAYD8300180,Bon jour et puis quelles nouvelles,The King's Singers,70960,,short_term,248,,,,unmatched,,,,,,no_ds001_candidate,2.500000
top_tracks,251,4aZUYGauusCsBAsczI7Jxw,GBAYD8300166,La Bella Franceschina - 1989 Digital Remaster,The King's Singers | Consort Of Musicke,140933,,short_term,251,,,,unmatched,,,,,,no_ds001_candidate,2.500000
top_tracks,252,4avPNbmKfQNJiPu9TpEMov,GBAYD8300179,Il est bel et bon,The King's Singers | Consort Of Musicke,85133,,short_term,252,,,,unmatched,,,,,,no_ds001_candidate,2.500000
top_tracks,253,4cURHmiuYii52BVbhrGbv0,USSM19300282,"Lullabye (Goodnight, My Angel)",Billy Joel,213871,,short_term,253,,,,unmatched,,,,,,no_ds001_candidate,2.500000
top_tracks,254,4dqMAEfqK4lsZjH64lEkRM,GBAYD8300177,"La, la, la, je ne I'ose dire",The King's Singers,45933,,short_term,254,,,,unmatched,,,,,,no_ds001_candidate,2.500000
top_tracks,255,4fxyKcvjqk5Bx6JdMNngR9,GBAYD0700478,Night and Day,Cole Porter | The King's Singers,235000,,short_term,255,,,,unmatched,,,,,,no_ds001_candidate,2.500000
top_tracks,259,5Ac1kgBTTTGb1fs6xhE0MV,GBAYD0800101,Du armes girl vom Chor,N. Doughaby | The King's Singers,165000,,short_term,259,,,,unmatched,,,,,,no_ds001_candidate,2.500000
top_tracks,260,5JWvdZfzBFtAWOvBBDqxYZ,GBAYD8300181,Margot labourez les vignes,The King's Singers,67733,,short_term,260,,,,unmatched,,,,,,no_ds001_candidate,2.500000
top_tracks,261,5Px8cTAayT3olf6VHBtaJr,GBAYD8300174,The Silver swan - 1989 Digital Remaster,The King's Singers | Jeremy Jackman | Consort Of Musicke,83693,,short_term,261,,,,unmatched,,,,,,no_ds001_candidate,2.500000
top_tracks,263,5ZL2sx8wZreUNEFjOntteH,GBAAN8100006,Tenderness,Marianne Faithfull,233000,,short_term,263,,,,unmatched,,,,,,no_ds001_candidate,2.500000
top_tracks,264,5Zx0q0KM8ZeAoFosoHMC5V,GBAYD8200084,Fine knacks for ladies,Spencer | The King's Singers,147000,,short_term,264,,,,unmatched,,,,,,no_ds001_candidate,2.500000
top_tracks,265,5bcR4vGBb5i71EpiQWmUrb,GBAYD8300168,Alla cazza - 1989 Digital Remaster,The King's Singers,76133,,short_term,265,,,,unmatched,,,,,,no_ds001_candidate,2.500000
top_tracks,267,5k2o3kOdJtx02db2WHexwg,GBAYD8300171,Of all the birds that I do know - 1989 Digital Remaster,Anthony Rooley | The King's Singers,136226,,short_term,267,,,,unmatched,,,,,,no_ds001_candidate,2.500000
top_tracks,268,5mMZ53OfxBFfpqWoAFAkk7,GBAYD0800092,Mein kleiner grüner Kaktus,Bert Reisfeld | The King's Singers,132000,,short_term,268,,,,unmatched,,,,,,no_ds001_candidate,2.500000
top_tracks,271,68D1lmwm6PZdE2VUSoiqy8,GBAYD8300195,Herzliebstes Bild - 1989 Digital Remaster,Anthony Rooley | The King's Singers,96666,,short_term,271,,,,unmatched,,,,,,no_ds001_candidate,2.500000
top_tracks,273,6Vjk8MNXpQpi0F4BefdTyq,USAT21300969,Kashmir - Remaster,Led Zeppelin,517125,,short_term,273,,,,unmatched,,,,,,no_ds001_candidate,2.500000
top_tracks,276,6gB2AtpNVVjj2V5F2yqRAj,GBAYD8300173,Fair Phyllis I saw sitting all alone - 1989 Digital Remaster,The King's Singers,78066,,short_term,276,,,,unmatched,,,,,,no_ds001_candidate,2.500000
top_tracks,278,6m9JFxOe0o8uad26OYDdc8,GBAYD8300189,La Bomba - 1989 Digital Remaster,The King's Singers,536066,,short_term,278,,,,unmatched,,,,,,no_ds001_candidate,2.500000
top_tracks,279,6t3yK6hxZBlYEWmEobjabR,GBAYD8300186,Triste estaba el rey David - 1989 Digital Remaster,Anthony Rooley | The King's Singers,129306,,short_term,279,,,,unmatched,,,,,,no_ds001_candidate,2.500000
top_tracks,280,6yzncbcf7P70Dne8sqVzr8,GBAYD0800093,Creole Love Call,Duke Ellington | The King's Singers,182000,,short_term,280,,,,unmatched,,,,,,no_ds001_candidate,2.500000
top_tracks,282,7GK6EcM02e3uqYtDClEtXI,GBAYD8400150,"Veronika, der Lenz ist da",Walter Jurmann | The King's Singers,152000,,short_term,282,,,,unmatched,,,,,,no_ds001_candidate,2.500000
top_tracks,284,7aN9EIdrXZaZObxMeajXYZ,UK4YE1300061,To Be with You Again - Unplugged,Level 42,274599,,short_term,284,,,,unmatched,,,,,,no_ds001_candidate,2.500000
top_tracks,285,7b4L2Hx4gAnpZvhhTBpJ9g,GBAAN8600004,Freedom Overspill,Steve Winwood,337333,,short_term,285,,,,unmatched,,,,,,no_ds001_candidate,2.500000
top_tracks,287,7iOm7tuQZeqXqzBZJ14CSM,GBCBR0402642,Where Are You Now,Nazareth,233853,,short_term,287,,,,unmatched,,,,,,no_ds001_candidate,2.500000
top_tracks,288,1PT3zNAnVCN2CjeYaTcQH7,GBAYD0700480,"The Barber of Seville, Overture",Gioachino Rossini | The King's Singers,207000,,short_term,288,,,,unmatched,,,,,,no_ds001_candidate,2.500000
top_tracks,289,3VbGCXWRiouAq8VyMYN2MI,GBAYE0601417,Love Me Do - Remastered 2009,The Beatles,141693,,short_term,289,,,,unmatched,,,,,,no_ds001_candidate,2.500000
top_tracks,290,07KavU3KM6SwZQUElsG6av,GBAKW8401062,The Chant Has Begun - Power Mix,Level 42 | Mark King | Gregg Jackman,481349,,short_term,290,,,,unmatched,,,,,,no_ds001_candidate,2.500000
top_tracks,291,0KQlYA88cnOftc7SFhWv5U,US38Y2529297,Little Life,Robert Gromotka,148863,,short_term,291,,,,unmatched,,,,,,no_ds001_candidate,2.500000
top_tracks,293,1hcI2TWBGj9bRLhP1kvCmM,QZES92146833,Range Rover,Ben Rector | Steve Winwood,200346,,short_term,293,,,,unmatched,,,,,,no_ds001_candidate,2.500000
top_tracks,294,254poIi2T5QaPnxgbDg3Qb,GX5MY2303488,Audio Calibration,Audio Test Pink Noise,222168,,short_term,294,,,,unmatched,,,,,,no_ds001_candidate,2.500000
top_tracks,298,591vZVHhDqpGPdfrJl6KmK,SE6HN2173664,Penn Ar Roch - Instrumental Version,Santiago Melo,172062,,short_term,298,,,,unmatched,,,,,,no_ds001_candidate,2.500000
top_tracks,299,5b3C40EzC5DBit14cLfby8,GBCBR0402575,Dream On,Nazareth,204826,,short_term,299,,,,unmatched,,,,,,no_ds001_candidate,2.500000
top_tracks,300,6KWmh3bKdKQmqLdSvkVhVB,GBAYC8806617,Simon / Arr Cullen: America,David Cullen | Paul Simon | The King's Singers | Carl Davis | English Chamber Orchestra,241733,,short_term,300,,,,unmatched,,,,,,no_ds001_candidate,2.500000
top_tracks,301,7IVkyo8IVhPsRuZwdfpoLo,USSM10502921,"Violin Partita No. 2 in D Minor, BWV 1004: V. Ciaccona",Johann Sebastian Bach | Hilary Hahn,1067026,,short_term,301,,,,unmatched,,,,,,no_ds001_candidate,2.500000
top_tracks,303,7dmiCodd3eGiA1KkU6yjIt,DEF059430529,"Le nozze di Figaro, K. 492, Act II: No. 13, Venite inginocchiatevi",Wolfgang Amadeus Mozart | Sylvia McNair | Wiener Philharmoniker | Claudio Abbado,164000,,short_term,303,,,,unmatched,,,,,,no_ds001_candidate,2.500000
top_tracks,305,1iCbAqODmFfdXPN45ia31b,ITB006400699,Per un pugno di dollari - Titoli,Ennio Morricone,178173,,short_term,305,,,,unmatched,,,,,,no_ds001_candidate,2.500000
top_tracks,307,59a4aoXHvFGrEOyw1PrvbH,GBAAA0700078,Deep in the Motherlode - 2007 Remaster,Genesis,315786,,short_term,307,,,,unmatched,,,,,,no_ds001_candidate,2.500000
top_tracks,308,6s2cfFpeV0zjME5NQrIowl,FRZ208901024,"Paganini: 24 Caprices, Op. 1: No. 24 in A Minor",Niccolò Paganini | Alexander Markov,304026,,short_term,308,,,,unmatched,,,,,,no_ds001_candidate,2.500000
top_tracks,309,0BYTlVmPqa5Oc9iJzkXhVg,USA560988340,Caprice No. 5,Niccolò Paganini,175813,,short_term,309,,,,unmatched,,,,,,no_ds001_candidate,2.500000
top_tracks,310,0KFPsX30uBNCDpkgdz0JrV,GBF077900300,'O sole mio (Arr. Chiaramello for Tenor & Orchestra),Eduardo di Capua | Alfredo Mazzucchi | Luciano Pavarotti | National Philharmonic Orchestra | Giancarlo Chiaramello,202680,,short_term,310,,,,unmatched,,,,,,no_ds001_candidate,2.500000
top_tracks,313,6NiKl1DJJUj7aJut1JbElY,GBAYC9902250,"Paganini: 24 Caprices, Op. 1: No. 2 in B Minor",Niccolò Paganini | Itzhak Perlman,163866,,short_term,313,,,,unmatched,,,,,,no_ds001_candidate,2.500000
top_tracks,314,7x0TQDEhEjaug0YRVxew7v,FRZ209901390,"Paganini: 24 Caprices, Op. 1: No. 1 in E Major",Niccolò Paganini | Alexander Markov,116733,,short_term,314,,,,unmatched,,,,,,no_ds001_candidate,2.500000
top_tracks,315,00MT1y8hSLboKdlGE2X8wH,HKI199704326,"Mendelssohn - Lieder, S547/R217 (7 Lieder From Mendelssohn, Op, 19a, 34, 47): Wasserfahrt",Joseph Banowetz | Franz Liszt,157626,,short_term,315,,,,unmatched,,,,,,no_ds001_candidate,2.500000
top_tracks,316,07W9DzKqaXCSL9niXf6BGf,GBLTP0600031,Out of the Blue - 2006 Remaster,David Gilmour,220853,,short_term,316,,,,unmatched,,,,,,no_ds001_candidate,2.500000
top_tracks,317,0CkwffTDfwSMbt87jeGEys,USBB19601154,Where or When,Benny Goodman Trio,203840,,short_term,317,,,,unmatched,,,,,,no_ds001_candidate,2.500000
top_tracks,318,0EWrS5A1Zeav3dTmhEVkmr,USMR18930346,"Manhattan Project - Live In Phoenix, Arizona/1988",Rush,318800,,short_term,318,,,,unmatched,,,,,,no_ds001_candidate,2.500000
top_tracks,319,0Ea3kkPW4LIC0BnbolZw1R,USFF29030315,Ashokan Farewell,Fiddle Fever,245200,,short_term,319,,,,unmatched,,,,,,no_ds001_candidate,2.500000
top_tracks,320,0H1bN2MLwNuJCu3w9QuuBO,GBCBR0300294,Girl Goodbye - Live,TOTO,223933,,short_term,320,,,,unmatched,,,,,,no_ds001_candidate,2.500000
top_tracks,321,0KusMtfwkVyZpl8kV3QJYU,USSM12503785,"Forgotten Melodies I, Op. 38: VIII. Alla reminiscenza",Nikolai Medtner | Alexander Malofeev,153080,,short_term,321,,,,unmatched,,,,,,no_ds001_candidate,2.500000
top_tracks,322,0NPBEx8pbKVXOtnUb56kcq,BKNKT2401152,Funky Fanfare,Carnaby Street Pop Orchestra,148356,,short_term,322,,,,unmatched,,,,,,no_ds001_candidate,2.500000
top_tracks,323,0Us9eQUEPZrXnQi6wgOsKJ,USSM12503786,"2 Fairy Tales, Op. 48: No. 2, Tale of the Elves",Nikolai Medtner | Alexander Malofeev,230626,,short_term,323,,,,unmatched,,,,,,no_ds001_candidate,2.500000
top_tracks,324,0VX8ptOQhUt1SIOHYLZGNN,USUM70503557,Stardust,Hoagy Carmichael,146346,,short_term,324,,,,unmatched,,,,,,no_ds001_candidate,2.500000
top_tracks,325,0Vli4Bwguk2pci3IHp4yWx,HKI199328922,"Concerto Grosso In D Minor, Op. 3, No. 11, RV 565: II. Largo E Spiccato",Antonio Vivaldi | Capella Istropolitana,144573,,short_term,325,,,,unmatched,,,,,,no_ds001_candidate,2.500000
top_tracks,326,0a72vqfDbmuCc5qoXa2XQv,QZES62208692,Cottagecore Dreams,Piano House,122374,,short_term,326,,,,unmatched,,,,,,no_ds001_candidate,2.500000
top_tracks,327,0eInL1bLAFdHJDL04R0OCP,USBB10600043,Two Sleepy People,Fats Waller,183560,,short_term,327,,,,unmatched,,,,,,no_ds001_candidate,2.500000
top_tracks,328,0ggbepNvsNEhfGiaHvfMrk,GBAYC2102814,"Franck / Transc. Bauer: Prélude, Fugue et Variation Op. 18, CFF 30B (transcr. H. Bauer) – II. Lento + III. Fugue (Allegretto ma non troppo)",César Franck | Mariam Batsashvili,202853,,short_term,328,,,,unmatched,,,,,,no_ds001_candidate,2.500000
top_tracks,329,0jIxlloOV1IC8ANskrmjuz,GBBBC2200367,"Come, Sweet Death, BWV 478 (Arr. for 5 Cellos)",Sheku Kanneh-Mason | Hannah Roberts | Ben Davies | Desmond Neysmith | Max Ruisi,197200,,short_term,329,,,,unmatched,,,,,,no_ds001_candidate,2.500000
top_tracks,330,0rDQYwfq0xrwVjbllMXbba,DEN961701555,"Partita for Violin Solo No. 2 in D Minor, BWV 1004: V. Chaconne",Johann Sebastian Bach | Daniel Lozakovich,899626,,short_term,330,,,,unmatched,,,,,,no_ds001_candidate,2.500000
top_tracks,331,0u7i81DQkfM1ksK9VdLjmz,QZES82014733,Wind,prm. | Paul Roggenbuck,80245,,short_term,331,,,,unmatched,,,,,,no_ds001_candidate,2.500000
top_tracks,332,0vZ97gHhemKm6c64hTfJNA,GBAYE0601639,"Hello, Goodbye - Remastered 2009",The Beatles,208840,,short_term,332,,,,unmatched,,,,,,no_ds001_candidate,2.500000
top_tracks,333,0wkq1XMWsmBv1i01sxw4fA,DEN962300192,"Piano Sonata No. 3 in F-Sharp Minor, Op. 23: II. Allegretto",Yuja Wang,170224,,short_term,333,,,,unmatched,,,,,,no_ds001_candidate,2.500000
top_tracks,334,0xKnnlfjQOE6pOHfRMWKmX,USSM10501937,Isn't This a Lovely Day (with Johnny Green & His Orchestra),Fred Astaire | Johnny Green & His Orchestra,195373,,short_term,334,,,,unmatched,,,,,,no_ds001_candidate,2.500000
top_tracks,335,15YN4pQxF2GXFaxBQ2PWXD,HKI192527604,"5 Morceaux de fantaisie, Op. 3: No. 4, Polichinelle",Sergei Rachmaninoff | Boris Giltburg,223840,,short_term,335,,,,unmatched,,,,,,no_ds001_candidate,2.500000
top_tracks,336,178ZWJ6873V8oDhzqfYgOa,HKI199911317,"Overture (Suite) No. 3 In D Major, BWV 1068: III. Gavotte I And II",Cologne Chamber Orchestra | Johann Sebastian Bach,249200,,short_term,336,,,,unmatched,,,,,,no_ds001_candidate,2.500000
top_tracks,338,1Fn64eCx8CksXqEo2p8nz3,HKI199911313,"Overture (Suite) No. 2 In B Minor, BWV 1067 : VI. Menuet",Cologne Chamber Orchestra | Johann Sebastian Bach,80000,,short_term,338,,,,unmatched,,,,,,no_ds001_candidate,2.500000
top_tracks,341,1KVuWb4s8vKwfcaCTruMOZ,HKI199910615,"Concerto in C minor, BWV 1060: III. Allegro",Johann Sebastian Bach | Christian Hommel | Lisa Stewart | Cologne Chamber Orchestra | Helmut Müller-Brühl,201000,,short_term,341,,,,unmatched,,,,,,no_ds001_candidate,2.500000
top_tracks,342,1Qd7HazxX1k8YNP72lD3qv,GBAYC1800351,"Mendelssohn: Fantasie, Op. 28: II. Allegro con moto",Felix Mendelssohn | Doomin Kim,137320,,short_term,342,,,,unmatched,,,,,,no_ds001_candidate,2.500000
top_tracks,343,1UD6sgOfvaUBpvw0Mj4ykY,USSM12503779,"Forgotten Melodies I, Op. 38: II. Danza graziosa",Nikolai Medtner | Alexander Malofeev,199480,,short_term,343,,,,unmatched,,,,,,no_ds001_candidate,2.500000
top_tracks,344,1WYSzWGFN5r7vs0j1bDf3y,SE5Q51805987,The Appalachian Trail,Hunter Quinn,128443,,short_term,344,,,,unmatched,,,,,,no_ds001_candidate,2.500000
top_tracks,345,1YH3geH5f4BCaXNoLV7Za3,IEACJ1600067,Tamacun (Remastered),Rodrigo y Gabriela,205801,,short_term,345,,,,unmatched,,,,,,no_ds001_candidate,2.500000
top_tracks,349,1uUgWZNZ68nc2ULCNa5N97,QM7YK2300258,Rock & Roll Machine,Triumph | Sebastian Bach,290601,,short_term,349,,,,unmatched,,,,,,no_ds001_candidate,2.500000
top_tracks,350,1upQiytDIEZfl9ItruoXuC,GBAYC0201575,"Handel / Orch. Hale: Keyboard Suite No. 4 in D Minor, HWV 437: III. Sarabande",George Frideric Handel | Alexander Briger | Academy of St. Martin in the Fields,207266,,short_term,350,,,,unmatched,,,,,,no_ds001_candidate,2.500000
top_tracks,351,1wRwsILmh1KAu0EZzJepAp,QZ22B1974217,"Goodbye (From ""Hachiko: A Dog's Story"") [Piano Solo]",Juggernoud1,129159,,short_term,351,,,,unmatched,,,,,,no_ds001_candidate,2.500000
top_tracks,352,1yDCp0j1KjCXxL4kPZXq7Y,DE1QW2607251,"Lyrische Stucke. Op. 43, No.6. To Spring. (An Den Fruling) - Duo-Art 5888",Edvard Grieg | Clarence Adler | Peter Phillips,183800,,short_term,352,,,,unmatched,,,,,,no_ds001_candidate,2.500000
top_tracks,353,1zTEP1xkU5bZbJSIXoA8wq,AEA0Q2182007,Little Things,Adrián Berenguer,184500,,short_term,353,,,,unmatched,,,,,,no_ds001_candidate,2.500000
top_tracks,354,20pfp5KREnDWhLYeMP0rr5,GBAYE1601701,Childhood's End? - 2017 Remaster,Marillion,272440,,short_term,354,,,,unmatched,,,,,,no_ds001_candidate,2.500000
top_tracks,355,22aaPppUbLkufXZT0GroV8,GBELP0500145,"Bach, JS : Well-Tempered Clavier Book 2 : Prelude No.3 in C sharp major BWV872",Daniel Barenboim,120240,,short_term,355,,,,unmatched,,,,,,no_ds001_candidate,2.500000
top_tracks,356,23PxZxEAHqQk7ZmyMAwQQQ,GBF078911493,"Concerto for Lute, 2 Violins and Continuo in D major, RV 93: 3. Allegro",Antonio Vivaldi | Tom Finucane | New London Consort | Philip Pickett,152733,,short_term,356,,,,unmatched,,,,,,no_ds001_candidate,2.500000
top_tracks,357,24cgBBhZD1cWekUqaYuqTB,DEN961101770,"Orfeo ed Euridice, Wq. 30: Dance of the Blessed Spirits ""Melody"" (Arr. Sgambati for Piano)",Christoph Willibald Gluck | Yuja Wang,181546,,short_term,357,,,,unmatched,,,,,,no_ds001_candidate,2.500000
top_tracks,358,27145diX1C7BE6m6FzONqb,USMC17226000,Funny Face,Donna Fargo,166360,,short_term,358,,,,unmatched,,,,,,no_ds001_candidate,2.500000
top_tracks,359,28QFsbJu659jZoZXbzFFfD,HKI199636307,"2 Musical Sketches, ""2 Klavierstucke"": Andante cantabile in B-Flat Major",Felix Mendelssohn | Benjamin Frith,153720,,short_term,359,,,,unmatched,,,,,,no_ds001_candidate,2.500000
top_tracks,360,2Bc6WSraFGZOw1YrcOFiHM,SEAEC2460090,"Am Meer, S. 560/4 (After Schubert, D. 957/12)",Franz Liszt | Alexandre Kantorow,235666,,short_term,360,,,,unmatched,,,,,,no_ds001_candidate,2.500000
top_tracks,362,2LKMUX3iN0tQOvggbalydj,USQX91500824,"The Carnival of the Animals, R. 125: XIII. The Swan (Arr. for Cello and Piano)",Camille Saint-Saëns | Yo-Yo Ma | Kathryn Stott,174266,,short_term,362,,,,unmatched,,,,,,no_ds001_candidate,2.500000
top_tracks,363,2MOnLdZkD4GNngzfYaa8QQ,CH1400211402,"Toccata and Fugue in D Minor, BWV 565 (Arr. by Cord Garben): II. Fugue",Johann Sebastian Bach | Sefika Kutluer | Cord Garben | Berliner Philharmoniker,303080,,short_term,363,,,,unmatched,,,,,,no_ds001_candidate,2.500000
top_tracks,365,2Tz7fLm0pWasWCCfJiHPlJ,DEN961502140,"Herz und Mund und Tat und Leben, Cantata BWV 147: Jesu, Joy of Man's Desiring (Arr. Myra Hess for Piano)",Johann Sebastian Bach | Rafal Blechacz,243373,,short_term,365,,,,unmatched,,,,,,no_ds001_candidate,2.500000
top_tracks,367,2ff6ILugtshFUiWIVu83B9,USWB10100647,Baroque-A-Nova,Mason Williams,133666,,short_term,367,,,,unmatched,,,,,,no_ds001_candidate,2.500000
top_tracks,368,2ijBcYi7FZXt7bvuVb7NQz,USPR35200119,'S Wonderful,Fred Astaire,175386,,short_term,368,,,,unmatched,,,,,,no_ds001_candidate,2.500000
top_tracks,369,2mQNIuPvWqI7uSJRGvKBXZ,KRUM71100216,"Capriccio In C Major, Op. 76 No. 8",Johannes Brahms | Kun-Woo Paik,169293,,short_term,369,,,,unmatched,,,,,,no_ds001_candidate,2.500000
top_tracks,370,2qpY7SWPPP76wN84KTlQX4,TCAHH2383218,Don Juan Serenade,Valentina Lisitsa,153627,,short_term,370,,,,unmatched,,,,,,no_ds001_candidate,2.500000
top_tracks,371,2sqhid2MBYJCZWPrLjsUbP,USSM19604968,"Violin Partita No. 3 in E Major, BWV 1006: I. Preludio",Johann Sebastian Bach | Hilary Hahn,214266,,short_term,371,,,,unmatched,,,,,,no_ds001_candidate,2.500000
top_tracks,373,2y59HKXmIFd9NIghLdP5sR,USWB19904174,End of a Dream,Eric Weissberg | Steve Mandell,109973,,short_term,373,,,,unmatched,,,,,,no_ds001_candidate,2.500000
top_tracks,374,30AECpWqRGpyPtUWlIdvWJ,USRH11601132,Inside Out - Live 1990,Phil Collins,331680,,short_term,374,,,,unmatched,,,,,,no_ds001_candidate,2.500000
top_tracks,375,318jLr9oY0UrxYqyUHCfBA,DEN961903320,The Arts and the Hours,Víkingur Ólafsson | Jean-Philippe Rameau,285442,,short_term,375,,,,unmatched,,,,,,no_ds001_candidate,2.500000
top_tracks,376,35cbV1SEL8IWdXR3a1tckb,GBELP0400175,"Bach, JS : Well-Tempered Clavier Book 1 : Prelude No.3 in C sharp major BWV848",Daniel Barenboim,79626,,short_term,376,,,,unmatched,,,,,,no_ds001_candidate,2.500000
top_tracks,377,37MNcJhL9KOaXnt0NQrokr,USSM18100503,"Goldberg Variations, BWV 988: Aria",Johann Sebastian Bach | Glenn Gould,185120,,short_term,377,,,,unmatched,,,,,,no_ds001_candidate,2.500000
top_tracks,378,384YYUfgIsaYKHaqZzxXVP,USSM12503781,"Forgotten Melodies I, Op. 38: IV. Canzona fluviala",Nikolai Medtner | Alexander Malofeev,183973,,short_term,378,,,,unmatched,,,,,,no_ds001_candidate,2.500000
top_tracks,381,3C99TRw1M1uGg0jTkCX9FX,FRZ132603006,"6 Consolations, S. 172: III. Lento placido",Franz Liszt | Stella Almondo,241986,,short_term,381,,,,unmatched,,,,,,no_ds001_candidate,2.500000
top_tracks,382,3GBdi14u3jYzQCkIBTuoMu,HKI199636308,"2 Musical Sketches, ""2 Klavierstucke"": Presto agitato in G Minor",Felix Mendelssohn | Benjamin Frith,157680,,short_term,382,,,,unmatched,,,,,,no_ds001_candidate,2.500000
top_tracks,384,3NaQ3BFKDXjpv254bWeV0S,HKI199204111,Oboe Concerto in D Minor: II. Adagio,Alessandro Marcello | Jozsef Kiss | Budapest Ferenc Erkel Chamber Orchestra,254386,,short_term,384,,,,unmatched,,,,,,no_ds001_candidate,2.500000
top_tracks,385,3RY6FUqBW9fV9L0RNVq3aT,HKI199648703,"Concerto For 2 Keyboards In C Minor, BWV 1060: III. Allegro",Cologne Chamber Orchestra | Michael Behringer | Robert Hill | Johann Sebastian Bach,221800,,short_term,385,,,,unmatched,,,,,,no_ds001_candidate,2.500000
top_tracks,387,3Wwy5wlxd8CpKMZGc4Mgjf,USMC16350518,Pipeline,The Chantays,139253,,short_term,387,,,,unmatched,,,,,,no_ds001_candidate,2.500000
top_tracks,388,3XZ2DJ54tNJoPJ3xL3Jxfq,FRZ209644100,"Mendelssohn: Songs Without Words, Book II, Op. 30: No. 6, Allegretto tranquillo, MWV U110 ""Venetian Boat Song""",Felix Mendelssohn | Georges Pludermacher,132000,,short_term,388,,,,unmatched,,,,,,no_ds001_candidate,2.500000
top_tracks,390,3YPIdokgXd71oUhRG9Gk9l,COF010600727,If I Had You,Benny Goodman,182293,,short_term,390,,,,unmatched,,,,,,no_ds001_candidate,2.500000
top_tracks,391,3YtnnPB8j1OVOo3CS4sLNZ,QM6P41932563,Feuding Banjos,Eric Weissberg,116933,,short_term,391,,,,unmatched,,,,,,no_ds001_candidate,2.500000
top_tracks,392,3aaeRQeZKFkGFPdg4nhwX2,USMC13762896,Bei Mir Bist Du Schoen,Ella Fitzgerald and Her Savoy Eight,183066,,short_term,392,,,,unmatched,,,,,,no_ds001_candidate,2.500000
top_tracks,394,3iTkd7x5X2LIVKu7JNwqHR,GBBBN6800001,Albatross - 2018 Master,Fleetwood Mac,191106,,short_term,394,,,,unmatched,,,,,,no_ds001_candidate,2.500000
top_tracks,395,3yZEUIdqCvuPvxVXWETXBL,HKI199648707,"Concerto For 2 Keyboards In C Minor, BWV 1062: I. - Allegro",Cologne Chamber Orchestra | Michael Behringer | Robert Hill | Johann Sebastian Bach,207973,,short_term,395,,,,unmatched,,,,,,no_ds001_candidate,2.500000
top_tracks,396,40GgX0YMx1QEKdpNmNJGMG,DELE21612407,"Toccata & Fugue in D Minor, BWV 565 (Transc. I. Friedman): Toccata",Johann Sebastian Bach | Roberto Cominati,156573,,short_term,396,,,,unmatched,,,,,,no_ds001_candidate,2.500000
top_tracks,397,41ujv4mhxlqR8nlnieDpDp,DEF057730030,"La traviata, Act I: Libiamo ne' lieti calici ""Brindisi""",Giuseppe Verdi | Ileana Cotrubas | Plácido Domingo | Chor der Bayerischen Staatsoper | Bavarian State Orchestra | Carlos Kleiber,175506,,short_term,397,,,,unmatched,,,,,,no_ds001_candidate,2.500000
top_tracks,398,41xh0S7KvmpSeQq3jjWxIC,GBAYC1102588,"Bach, JS: Concerto for Four Pianos in A Minor, BWV 1065: I. Allegro",Johann Sebastian Bach | Alexandre Tharaud | Les Violons du Roy | Bernard Labadie,226893,,short_term,398,,,,unmatched,,,,,,no_ds001_candidate,2.500000
top_tracks,399,432wVZnpi6ZWQI4ak714On,GBAYC2501190,"Scarlatti, D: Keyboard Sonata in D Minor, Kk. 1",Domenico Scarlatti | David Fray,134986,,short_term,399,,,,unmatched,,,,,,no_ds001_candidate,2.500000
top_tracks,400,437flh1ruQQncb41Go81pR,TCAJX2584357,"Piano Sonata No. 30 in E Major, Op. 109 III. Variation 2",Valentina Lisitsa,108874,,short_term,400,,,,unmatched,,,,,,no_ds001_candidate,2.500000
top_tracks,401,43sddo2MEKEv7LGqHkJPry,QT6642577347,Prelude Op.32 No.7 F Major,Valentina Lisitsa,123180,,short_term,401,,,,unmatched,,,,,,no_ds001_candidate,2.500000
top_tracks,402,48nLwxEwcSHml1lqybLacR,USSM12503782,"Forgotten Melodies I, Op. 38: V. Danza rustica",Nikolai Medtner | Alexander Malofeev,162946,,short_term,402,,,,unmatched,,,,,,no_ds001_candidate,2.500000
top_tracks,404,4DFogzXAjC6PapkwOrGVaS,HKI199631224,"Herz und Mund und Tat und Leben, BWV 147: Chorale: Jesus bleibt meine Freude (Chorus)",Johann Sebastian Bach | Ingrid Kertesi | Judit Nemeth | Jozsef Mukk | Istvan Gati | Hungarian Radio Chorus | Budapest Failoni Chamber Orchestra | Matyas Antal,203466,,short_term,404,,,,unmatched,,,,,,no_ds001_candidate,2.500000
top_tracks,405,4E9sH6SuXr470qZEbEJN0c,TCAHH2383201,Greensleaves,Valentina Lisitsa,181238,,short_term,405,,,,unmatched,,,,,,no_ds001_candidate,2.500000
top_tracks,406,4KNRyYkqFE3uyWoE3t4q6L,DEF058501263,"Concerto for 2 Mandolins in G Major, RV 532: III. Allegro",Antonio Vivaldi | James Tyler | Robin Jeffrey | The English Concert | Trevor Pinnock,231967,,short_term,406,,,,unmatched,,,,,,no_ds001_candidate,2.500000
top_tracks,407,4MrSDUU1Pqil5xRL3vT8vl,HKI190903407,Piano Sonata in G Minor: I. Allegro molto agitato,Fanny Mendelssohn | Heather Schmidt,236720,,short_term,407,,,,unmatched,,,,,,no_ds001_candidate,2.500000
top_tracks,408,4QsG7Gbk4BMNuGZLOxZncV,TCAJX2584402,"Piano Sonata No. 30 in E Major, Op. 109 III. Variation 6 (Tempo Primo Del Tema)",Valentina Lisitsa,238025,,short_term,408,,,,unmatched,,,,,,no_ds001_candidate,2.500000
top_tracks,409,4VH7tq0Rgxz2Xg2yeUKCA8,NLA460911388,"Grand Caprice on Schubert's ""Der Erlkönig"", Op. 26. Presto",Heinrich Wilhelm Ernst | Ning Feng,284520,,short_term,409,,,,unmatched,,,,,,no_ds001_candidate,2.500000
top_tracks,410,4YUy2CrBN5knyvFKgHtWeW,USUM71021497,Lord Is It Mine - Remastered 2026,Supertramp,250480,,short_term,410,,,,unmatched,,,,,,no_ds001_candidate,2.500000
top_tracks,412,4hbvrHgfZ8lqFrPx1Ztd6j,GBAYC0402499,"Chopin: Nocturne No. 8 in D-Flat Major, Op. 27 No. 2",Frédéric Chopin | Gabriela Montero,338253,,short_term,412,,,,unmatched,,,,,,no_ds001_candidate,2.500000
top_tracks,413,4jDAYu92EiY1HYyWXgnyrp,DEF058300592,"Concerto In G Minor R439 Op.10 No.2 ""La Notte"": 2. Largo - Presto",Antonio Vivaldi | Andreas Blau | Berliner Philharmoniker | Herbert von Karajan,135400,,short_term,413,,,,unmatched,,,,,,no_ds001_candidate,2.500000
top_tracks,414,4ouqBKIa1ThUzbAkGZk2he,HKI192208302,II. Andante sostenuto (Arr. P. Breiner for Piano),Antonín Dvořák | Peter Breiner,193880,,short_term,414,,,,unmatched,,,,,,no_ds001_candidate,2.500000
top_tracks,415,4qonrwiiUxXZiOouiXnUvc,DEN962300201,"24 Jazz Preludes, Op. 53: No. 11",Yuja Wang,161143,,short_term,415,,,,unmatched,,,,,,no_ds001_candidate,2.500000
top_tracks,416,4rWt6xm14G1hsgBb9a0luS,DEF058501222,"Concerto for Oboe and Violin in B-Flat Major, RV 548: II. Largo",Antonio Vivaldi | David Reichenberg | Simon Standage | The English Concert | Trevor Pinnock,201000,,short_term,416,,,,unmatched,,,,,,no_ds001_candidate,2.500000
top_tracks,417,4uMouIqepgCCnZwlPzGicm,USTC60821059,Turkey In the Straw,Fiddle Fiddle Fiddle,170666,,short_term,417,,,,unmatched,,,,,,no_ds001_candidate,2.500000
top_tracks,418,4xeYQNxPlUqCsDCT5cByo5,DEUE12617501,My Reverie,Bea Wain,205493,,short_term,418,,,,unmatched,,,,,,no_ds001_candidate,2.500000
top_tracks,419,4yR25IogNxZ2YJXhbfX6ST,USWB12000733,Greensleeves,Mason Williams,165000,,short_term,419,,,,unmatched,,,,,,no_ds001_candidate,2.500000
top_tracks,420,50KVOLNNqft8SJr5ybrv8G,GBF077130101,"Rigoletto, Act III: La donna è mobile",Giuseppe Verdi | Luciano Pavarotti | London Symphony Orchestra | Richard Bonynge,142506,,short_term,420,,,,unmatched,,,,,,no_ds001_candidate,2.500000
top_tracks,422,56k6cPPXFUSzrY05pfS1L3,DEN961830918,"Variations sérieuses, Op. 54, MWV U156: Variation XVII",Felix Mendelssohn | Jan Lisiecki,150093,,short_term,422,,,,unmatched,,,,,,no_ds001_candidate,2.500000
top_tracks,423,57RpOkh02rlcuNqRQswtpb,DEN962300181,"Iberia, T. 105 / Book 4: No. 10, Málaga",Yuja Wang,296808,,short_term,423,,,,unmatched,,,,,,no_ds001_candidate,2.500000
top_tracks,424,58gTIXqsg6sVmAscK3LpKx,USRH11600251,Inside Out - 2016 Remaster,Phil Collins,315893,,short_term,424,,,,unmatched,,,,,,no_ds001_candidate,2.500000
top_tracks,425,59hrh6KWf9lu8awstqltMZ,USUW61300272,"Orfeo ed Euridice, Act II: Dance of the Blessed Spirits, ""Melodie"" (Arr. I. Friedman)",Christoph Willibald Gluck | Yoonie Han,215816,,short_term,425,,,,unmatched,,,,,,no_ds001_candidate,2.500000
top_tracks,426,5AIcgmY1VdrNzrKjUnwkJg,HKI199704330,"Mendelssohn - Lieder, S547/R217 (7 Lieder From Mendelssohn, Op, 19a, 34, 47) : Fruhlingslied(from Op. 47, No. 3)",Joseph Banowetz | Franz Liszt,149800,,short_term,426,,,,unmatched,,,,,,no_ds001_candidate,2.500000
top_tracks,428,5ChIFKHCfWS5i0gRU70uWz,DEAD62306603,"4 Valses oubliées, S. 215: No. 1, —",Franz Liszt | Anna Leyerer,174658,,short_term,428,,,,unmatched,,,,,,no_ds001_candidate,2.500000
top_tracks,429,5FWn20xrAQ1IdbA8Dml6pj,FRZ198900010,Si tu vois ma mère - Slow,Sidney Bechet | Claude Luter et son orchestre,193573,,short_term,429,,,,unmatched,,,,,,no_ds001_candidate,2.500000
top_tracks,430,5IWHEQVcwuUAVw4olVJcQs,GBAAA0700986,Driving the Last Spike - 2007 Remaster,Genesis,608600,,short_term,430,,,,unmatched,,,,,,no_ds001_candidate,2.500000
top_tracks,433,5NKk3escrlQe7r4UHyqE4J,FRZ130805150,"Songs Without Words, Book VI Opus 67: No. 5 in B Minor",Felix Mendelssohn | Bertrand Chamayou,141493,,short_term,433,,,,unmatched,,,,,,no_ds001_candidate,2.500000
top_tracks,435,5VNlUlsA6yZLzDzEctTkst,HKI199328904,"Concerto Grosso In G Minor, Op. 3, No. 2, RV 578: I. Adagio E Spiccato - Allegro",Antonio Vivaldi | Capella Istropolitana,264200,,short_term,435,,,,unmatched,,,,,,no_ds001_candidate,2.500000
top_tracks,437,5YtZRC9ZcaM2f2AaPEeLl3,HKI192425408,"Piano Sonata No. 4 in C-Sharp Minor, Op. 21 No. 2: II. Romance. Andante con moto",Wilhelm Taubert | Lucas Wong,238960,,short_term,437,,,,unmatched,,,,,,no_ds001_candidate,2.500000
top_tracks,438,5aHHf6jrqDRb1fcBmue2kn,GBAYE0601705,The End - Remastered 2009,The Beatles,141613,,short_term,438,,,,unmatched,,,,,,no_ds001_candidate,2.500000
top_tracks,439,5n2AZNomNhK9L2l1dNS4GM,DEUE12612063,Stormy Weather,Ethel Waters,192266,,short_term,439,,,,unmatched,,,,,,no_ds001_candidate,2.500000
top_tracks,440,5nkqm9c9hsKQeSd5L2PEH5,GBAKW8500002,Leaving Me Now - Extended Version,Level 42,301133,,short_term,440,,,,unmatched,,,,,,no_ds001_candidate,2.500000
top_tracks,441,5pbu82rBtd4x1T5zv4AQNG,GBF089190002,On Every Street - Live Version,Dire Straits,421293,,short_term,441,,,,unmatched,,,,,,no_ds001_candidate,2.500000
top_tracks,442,5xaSJ9DJH7aOxQExIagQ2E,HKD012532983,"Two Fairy Tales, op. 20, II. Pesante, minaccioso - 其他",Nikolai Medtner | Arseniy Gusev,207840,,short_term,442,,,,unmatched,,,,,,no_ds001_candidate,2.500000
top_tracks,443,5xwmLfRd5kLb6XohkIqNV2,QM6MZ2006325,Joy,Apollo 100 | Tom Parker,170282,,short_term,443,,,,unmatched,,,,,,no_ds001_candidate,2.500000
top_tracks,444,5y2ijHECwFYWqcAHKTZgzD,USAT22509142,Risk It All,Bruno Mars,204068,,short_term,444,,,,unmatched,,,,,,no_ds001_candidate,2.500000
top_tracks,445,64ke84hxJ2dqK10gDTmrYb,USSM19303259,Streets of Philadelphia,Bruce Springsteen,254413,,short_term,445,,,,unmatched,,,,,,no_ds001_candidate,2.500000
top_tracks,447,6ABXFyZq1cm6zrUOKJa5hN,QT6642577332,Prelude Op.23 No.2 B Flat Major,Valentina Lisitsa,204950,,short_term,447,,,,unmatched,,,,,,no_ds001_candidate,2.500000
top_tracks,450,6Gifhuvyk4uPDGSRrtw8Y6,DEF059602120,"Schwanengesang, D. 957: Ständchen",Franz Schubert | Mischa Maisky | Daria Hovora,260000,,short_term,450,,,,unmatched,,,,,,no_ds001_candidate,2.500000
top_tracks,451,6JC4VNHDjcF6AWGm8OP4yd,USSJ10901599,Largo from 'Xerxes',George Frideric Handel | Latvian Philharmonic Chamber Orchestra | Ilmar Lapinsch | Riga Radio Choir,251186,,short_term,451,,,,unmatched,,,,,,no_ds001_candidate,2.500000
top_tracks,453,6Jug5mAtcQJh8ejCQ8JtiH,GBAJY1509801,"Etude in F Minor, MWV U125",Felix Mendelssohn | Howard Shelley,115573,,short_term,453,,,,unmatched,,,,,,no_ds001_candidate,2.500000
top_tracks,455,6LVRf0RkzW09Zyrg3vrreq,CALC42020157,Improvisation No. 4,Gabriela Montero,145373,,short_term,455,,,,unmatched,,,,,,no_ds001_candidate,2.500000
top_tracks,457,6VLGpRXbJAwtMCCsYWGyjB,DEN961400701,"The Well-Tempered Clavier, Book 1: Prelude No. 1 in C Major BWV 846/1",Johann Sebastian Bach | Pierre-Laurent Aimard,137560,,short_term,457,,,,unmatched,,,,,,no_ds001_candidate,2.500000
top_tracks,458,6fvPsQUOACfXp9IWG8Qrx8,CZA160900064,"4 Sketches, Op. 4, JB 1:66: No. 4 in G-Sharp Minor, Relentless Struggle. Moderato",Bedřich Smetana | Jitka Čechová,141226,,short_term,458,,,,unmatched,,,,,,no_ds001_candidate,2.500000
top_tracks,459,6guVLGbBU2HWkmhmobJn3Q,DEUE22693045,Sh-Boom (Life Could Be a Dream),The Crew Cuts,168948,,short_term,459,,,,unmatched,,,,,,no_ds001_candidate,2.500000
top_tracks,460,6h5uEuCPp7HNIfnj7IPS2N,NLA460911390,"The Last Rose of Summer, ""Polyphonic Study No. 6"": Introduction. Moderato - Tema. Andante non troppo - Variations I, II, III, IV - Finale",Heinrich Wilhelm Ernst | Ning Feng,624440,,short_term,460,,,,unmatched,,,,,,no_ds001_candidate,2.500000
top_tracks,461,6hKcc7CKKRaC8zhJ3Criu4,USSM10013674,"The Last Rose of Summer ""Étude No. 6""",Heinrich Wilhelm Ernst | Midori,597666,,short_term,461,,,,unmatched,,,,,,no_ds001_candidate,2.500000
top_tracks,462,6itnhgWDgGf2GRXVkVIMq4,ITDC81300292,Up - Theme from the Motion Picture,Giampaolo Pasquile,164185,,short_term,462,,,,unmatched,,,,,,no_ds001_candidate,2.500000
top_tracks,463,6jZj45D2jdR6fMEb58TlSc,USSM11308082,"Suite in B-Flat Major, HWV 434: IV. Menuet",George Frideric Handel | Khatia Buniatishvili,230893,,short_term,463,,,,unmatched,,,,,,no_ds001_candidate,2.500000
top_tracks,464,6sbBnPHG4PgfoX46CPboOX,USSM10401292,"Concerto in G Minor for 2 Cellos, Strings and Basso continuo, RV 531: I. Allegro",Antonio Vivaldi | Yo-Yo Ma | Amsterdam Baroque Orchestra | Ton Koopman | Jonathan Manson,199320,,short_term,464,,,,unmatched,,,,,,no_ds001_candidate,2.500000
top_tracks,466,6vH7rcUoSok4FYH6RTRIAE,USMC16646777,Wade In The Water,Ramsey Lewis,231506,,short_term,466,,,,unmatched,,,,,,no_ds001_candidate,2.500000
top_tracks,467,6vidl8jt9bqqFD1ZKJowSQ,NLN580500884,Violin Concerto In A Minor BWV 1041: Allegro,Camerata Antonio Luco | Emmy Verhey | Johann Sebastian Bach,231000,,short_term,467,,,,unmatched,,,,,,no_ds001_candidate,2.500000
top_tracks,468,6w7vluxLQVrDdhZUEwOmSI,USTC60821145,Arkansas Traveler,Fiddle Fiddle Fiddle,136613,,short_term,468,,,,unmatched,,,,,,no_ds001_candidate,2.500000
top_tracks,469,70ruGS6DI4xneVprt6RHxG,USBB11400001,Until the Real Thing Comes Along,Fats Waller,203413,,short_term,469,,,,unmatched,,,,,,no_ds001_candidate,2.500000
top_tracks,470,780J7MG7ndugILokwamG43,HKI199911010,"Concerto For 4 Violins in B Minor, Op. 3, No. 10, RV 580 : I. Allegro",Cologne Chamber Orchestra | Renee Ohldin | Corinne Chapelle | Christine Pichlmeier | Lucas Barr | Antonio Vivaldi,217533,,short_term,470,,,,unmatched,,,,,,no_ds001_candidate,2.500000
top_tracks,472,7Kd39FdvG56h2Nz2I9aY3E,USAT29500191,Starrider,Foreigner,242866,,short_term,472,,,,unmatched,,,,,,no_ds001_candidate,2.500000
top_tracks,473,7c8EKQLv5ld1uWm1BdGqds,GBAYC9101134,"Shostakovich / Arr. Atovmyan: Suite from the Gadfly, Op. 97a: VIII. Romance",Dmitri Shostakovich | Tasmin Little | Piers Lane,194266,,short_term,473,,,,unmatched,,,,,,no_ds001_candidate,2.500000
top_tracks,474,7fJ336lpndYK0Kn1tLPmGC,GBARL1001545,Fanfare for the Common Man - Single Edit,"Emerson, Lake & Palmer",179360,,short_term,474,,,,unmatched,,,,,,no_ds001_candidate,2.500000
top_tracks,475,7kcRojUSdZejUE1ZToliK9,HKI199271224,"Lieder ohne Worte (Songs without Words), Book 8, Op. 102: No. 43 in E Minor, Op. 102, No. 1, MWV U162",Felix Mendelssohn | Péter Nagy,130679,,short_term,475,,,,unmatched,,,,,,no_ds001_candidate,2.500000
top_tracks,476,7p0Zmt5k3LjIebIbbcE4nx,DEN962300212,"Piano Sonata No. 18 in E-Flat Major, Op. 31 No. 3 ""The Hunt"": II. Scherzo. Allegretto vivace",Yuja Wang,207997,,short_term,476,,,,unmatched,,,,,,no_ds001_candidate,2.500000
top_tracks,478,05od2qm2MTSKCHxy1GBp5W,USWB12502453,12 to 12,sombr,242903,,short_term,478,,,,unmatched,,,,,,no_ds001_candidate,2.500000
top_tracks,480,0ESIjVxnDnCDaTPo6sStHm,GBAYE0601429,Till There Was You - Remastered 2009,The Beatles,133506,,short_term,480,,,,unmatched,,,,,,no_ds001_candidate,2.500000
top_tracks,481,0FIDCNYYjNvPVimz5icugS,USUG12406536,Timeless (feat Playboi Carti),The Weeknd | Playboi Carti,256000,,short_term,481,,,,unmatched,,,,,,no_ds001_candidate,2.500000
top_tracks,482,0InIeZW4P6VO7dUGRM4AKH,USAT22400849,Sienna,The Marías,224840,,short_term,482,,,,unmatched,,,,,,no_ds001_candidate,2.500000
top_tracks,483,0L2ip4yf7XCGvQWbD3vj0A,QZZ8B2347160,Kill Bill Whistle (Main Theme),William Jacobs,87915,,short_term,483,,,,unmatched,,,,,,no_ds001_candidate,2.500000
top_tracks,484,0T3sHoiR3t9HtwbIOgTI7J,USAT22508730,Dying for You,Charli xcx,182038,,short_term,484,,,,unmatched,,,,,,no_ds001_candidate,2.500000
top_tracks,485,0TlcczkVTGpinpkGJpT81L,USAT22506957,Drag Path,Twenty One Pilots,224000,,short_term,485,,,,unmatched,,,,,,no_ds001_candidate,2.500000
top_tracks,486,0ViM3sjKdaCQR488Dxw62D,FR6V80482702,Sette note - Pt. 1 - Single Version,Vince Tempera,145479,,short_term,486,,,,unmatched,,,,,,no_ds001_candidate,2.500000
top_tracks,487,0ZCKf2NjCYDNOhHsG27Y45,GBEKZ0300209,"Habanera (From “Carmen”, WD. 31)",Katherine Jenkins | The Arcadian Ensemble,167746,,short_term,487,,,,unmatched,,,,,,no_ds001_candidate,2.500000
top_tracks,488,0beWi6QSfNUj2sycVEMqq9,GBAYC0001068,"Mozart: Così fan tutte, K. 588, Act 1: Aria. ""Un'aura amorosa del nostro tesoro"" (Ferrando)",Wolfgang Amadeus Mozart | Karl Böhm | Alfredo Kraus | Heinrich Schmidt | Philharmonia Orchestra,285093,,short_term,488,,,,unmatched,,,,,,no_ds001_candidate,2.500000
top_tracks,489,0bxPRWprUVpQK0UFcddkrA,USAT22504344,Folded,Kehlani,238120,,short_term,489,,,,unmatched,,,,,,no_ds001_candidate,2.500000
top_tracks,490,0gd8VkAfJcFNt9TucUZwdK,ITD061403974,Storm Rider - The Grand Duel: Parte Prima,Luis Bacalov,207000,,short_term,490,,,,unmatched,,,,,,no_ds001_candidate,2.500000
top_tracks,492,0qsS2A3hwicJCLtcaR6JRQ,GBAYE0900759,She Loves You - Mono Version / Remastered 2009,The Beatles,142653,,short_term,492,,,,unmatched,,,,,,no_ds001_candidate,2.500000
top_tracks,493,1CPZ5BxNNd0n0nF4Orb9JS,QZ8BZ2513510,Golden,HUNTR/X | EJAE | AUDREY NUNA | REI AMI | KPop Demon Hunters Cast,194607,,short_term,493,,,,unmatched,,,,,,no_ds001_candidate,2.500000
top_tracks,494,1DwscornXpj8fmOmYVlqZt,GBAYE2501217,Stateside + Zara Larsson,PinkPantheress | Zara Larsson,184761,,short_term,494,,,,unmatched,,,,,,no_ds001_candidate,2.500000
top_tracks,498,1qRV1dKLOfH1s00b9J2LUQ,USSM12502221,Midnight Sun,Zara Larsson,189898,,short_term,498,,,,unmatched,,,,,,no_ds001_candidate,2.500000
top_tracks,499,1qbmS6ep2hbBRaEZFpn7BX,GBUM72503089,Man I Need,Olivia Dean,184000,,short_term,499,,,,unmatched,,,,,,no_ds001_candidate,2.500000
top_tracks,500,1sA1DhT0bLyeICf8NalPS7,USSM12600096,Aperture,Harry Styles,311733,,short_term,500,,,,unmatched,,,,,,no_ds001_candidate,2.500000
top_tracks,502,1wR6BMsw6rBO4WhvY2wYmt,GBHGA1422178,"Long days of Vengeance (From ""Long days of Vengeance"")",Armando Trovajoli,72186,,short_term,502,,,,unmatched,,,,,,no_ds001_candidate,2.500000
top_tracks,503,1xOqGUkyxGQRdCvGpvWKmL,USUM72503465,Gabriela,KATSEYE,197226,,short_term,503,,,,unmatched,,,,,,no_ds001_candidate,2.500000
top_tracks,504,2BwO5K8Q7EPAJSGze3AAh9,USUM72504354,Manchild,Sabrina Carpenter,213645,,short_term,504,,,,unmatched,,,,,,no_ds001_candidate,2.500000
top_tracks,505,2CGNAOSuO1MEFCbBRgUzjd,USUG12408496,luther (with sza),Kendrick Lamar | SZA,177598,,short_term,505,,,,unmatched,,,,,,no_ds001_candidate,2.500000
top_tracks,506,2CoC3apW4ahryZB9vCoGKT,US23A9060658,"the decoupling of the nuclear family FEAT HAWA, GHOSTFACE KILLAH & RAPSODY",_BY.ALEXANDER | HAWA | Ghostface Killah | Rapsody,229220,,short_term,506,,,,unmatched,,,,,,no_ds001_candidate,2.500000
top_tracks,508,2RkZ5LkEzeHGRsmDqKwmaJ,USAT22500463,Ordinary,Alex Warren,186964,,short_term,508,,,,unmatched,,,,,,no_ds001_candidate,2.500000
top_tracks,511,2gYTC8DsplN3RNdpdBcCOQ,USUG12508560,Die On This Hill,SIENNA SPIRO,217008,,short_term,511,,,,unmatched,,,,,,no_ds001_candidate,2.500000
top_tracks,512,2iEIcP9Fam3DIhqliqGH4I,GBLGL1249099,"Gianni Schicchi: ""O Mio Babbino Caro""",Various Artists | Gioachino Rossini | Luigi Cherubini | Louis Carpentier | Giacomo Meyerbeer | Amilcare Ponchielli | Vincenzo Bellini | Giuseppe Verdi | Wolfgang Amadeus Mozart | Jules Massenet | Gaetano Donizetti | Giacomo Puccini | Maria Callas | Royal Concertgebouw Orchestra | Nicola Rescigno,136440,,short_term,512,,,,unmatched,,,,,,no_ds001_candidate,2.500000
top_tracks,514,35ISBknsCeZQtq66xABI9g,GBUM72401610,Messy,Lola Young,284066,,short_term,514,,,,unmatched,,,,,,no_ds001_candidate,2.500000
top_tracks,515,3B4cjvGlPvyBLNG3AzEgkZ,USAT22600117,E85,Don Toliver,153181,,short_term,515,,,,unmatched,,,,,,no_ds001_candidate,2.500000
top_tracks,517,3QaPy1KgI7nu9FJEQUgn6h,USUM72401993,WILDFLOWER,Billie Eilish,261466,,short_term,517,,,,unmatched,,,,,,no_ds001_candidate,2.500000
top_tracks,518,3RjvlvYcX4wQycMEezsVUL,DEUE12612643,That Certain Female - Alternate Take,Charlie Feathers,181226,,short_term,518,,,,unmatched,,,,,,no_ds001_candidate,2.500000
top_tracks,520,3WViRcNzScXDSIexDDFDLf,CAT311000142,Magic Power,Triumph,292400,,short_term,520,,,,unmatched,,,,,,no_ds001_candidate,2.500000
top_tracks,521,3cZajhyr8LmtPfHZ9296tj,USAT22504362,No Broke Boys,Disco Lines | Tinashe,163994,,short_term,521,,,,unmatched,,,,,,no_ds001_candidate,2.500000
top_tracks,522,3hMir99e3Uk4MfH4n7LQX1,USC4R1605548,"Main Title ""Truck Turner""",Isaac Hayes,162503,,short_term,522,,,,unmatched,,,,,,no_ds001_candidate,2.500000
top_tracks,525,3oTuTpF1F3A7rEC6RKsMRz,GBUM72506029,Raindance (feat. Tems),Dave | Tems,219743,,short_term,525,,,,unmatched,,,,,,no_ds001_candidate,2.500000
top_tracks,526,3pU1CUgPiFfxPCpscwIwQR,GBAYE0601439,I Should Have Known Better - Remastered 2009,The Beatles,163080,,short_term,526,,,,unmatched,,,,,,no_ds001_candidate,2.500000
top_tracks,527,3qhlB30KknSejmIvZZLjOD,GBKPL2205058,End of Beginning,Djo,159245,,short_term,527,,,,unmatched,,,,,,no_ds001_candidate,2.500000
top_tracks,528,3sK8wGT43QFpWrvNQsrQya,QMFMF2447070,DtMF,Bad Bunny,237117,,short_term,528,,,,unmatched,,,,,,no_ds001_candidate,2.500000
top_tracks,529,3tGhRLgcCP6SIZU3tbGl7l,GBAYE0601505,Got To Get You Into My Life - Remastered 2009,The Beatles,149240,,short_term,529,,,,unmatched,,,,,,no_ds001_candidate,2.500000
top_tracks,530,3uX11UryFh2ujpeZBWYgkv,GBF077230201,"Turandot, Act III: Nessun dorma!",Giacomo Puccini | Luciano Pavarotti | John Alldis Choir | Wandsworth School Boys Choir | London Philharmonic Orchestra | Zubin Mehta,177333,,short_term,530,,,,unmatched,,,,,,no_ds001_candidate,2.500000
top_tracks,531,3yWuTOYDztXjZxdE2cIRUa,USUG12506438,Opalite,Taylor Swift,235355,,short_term,531,,,,unmatched,,,,,,no_ds001_candidate,2.500000
top_tracks,532,3zw4FTrVNfy2teEkV9FOvh,GBAYE0601437,Money (That's What I Want) - Remastered 2009,The Beatles,169506,,short_term,532,,,,unmatched,,,,,,no_ds001_candidate,2.500000
top_tracks,534,42VUCXerQ5qTr4Qp6PhKo4,USUM72504355,Tears,Sabrina Carpenter,160183,,short_term,534,,,,unmatched,,,,,,no_ds001_candidate,2.500000
top_tracks,536,4UPPQcwiQJpmXYirbgicT9,DEF058230622,"Nabucco / Act III: Va, pensiero, sull'ali dorate",Giuseppe Verdi | Orchester der Deutschen Oper Berlin | Giuseppe Sinopoli | Chor der Deutschen Oper Berlin,234226,,short_term,536,,,,unmatched,,,,,,no_ds001_candidate,2.500000
top_tracks,537,4VxTzYm00mg82MuoT35Ja7,USSM12503648,CHANEL,Tyla,188059,,short_term,537,,,,unmatched,,,,,,no_ds001_candidate,2.500000
top_tracks,538,4WFgvKVfEhb3IUAFGrutTR,USAT22401137,Love Me Not,Ravyn Lenae,213466,,short_term,538,,,,unmatched,,,,,,no_ds001_candidate,2.500000
top_tracks,539,4WXNu1v6hEs3Sf9Cz2Dpn5,GBF078441608,Norma / Act 1: Casta Diva,Vincenzo Bellini | Dame Joan Sutherland | Samuel Ramey | Welsh National Opera Chorus | Welsh National Opera Orchestra | Richard Bonynge,357266,,short_term,539,,,,unmatched,,,,,,no_ds001_candidate,2.500000
top_tracks,540,4ekUX4pWizXXksJe0JfS9U,GBAYE0601424,It Won't Be Long - Remastered 2009,The Beatles,133386,,short_term,540,,,,unmatched,,,,,,no_ds001_candidate,2.500000
top_tracks,541,4f4Lmrpw0Me9VOaueFidlB,ITD061403979,Storm Rider - The Grand Duel: Parte Sesta,Luis Bacalov,146200,,short_term,541,,,,unmatched,,,,,,no_ds001_candidate,2.500000
top_tracks,542,4gxs9En3aoaOm2J5wNMMm9,GBAYE0801392,I Feel Fine - Remastered 2009,The Beatles,140400,,short_term,542,,,,unmatched,,,,,,no_ds001_candidate,2.500000
top_tracks,543,4jyyma8YdFC4S4llusSFRu,QZJG52634676,butterflies.,Brent Faiyaz,248297,,short_term,543,,,,unmatched,,,,,,no_ds001_candidate,2.500000
top_tracks,546,53iuhJlwXhSER5J2IYYv1W,USUG12506436,The Fate of Ophelia,Taylor Swift,226073,,short_term,546,,,,unmatched,,,,,,no_ds001_candidate,2.500000
top_tracks,547,55lijDD6OAjLFFUHU9tcDm,QMFME2535037,WHERE IS MY HUSBAND!,RAYE,196795,,short_term,547,,,,unmatched,,,,,,no_ds001_candidate,2.500000
top_tracks,548,5BZsQlgw21vDOAjoqkNgKb,USUG12504304,DAISIES,Justin Bieber,176453,,short_term,548,,,,unmatched,,,,,,no_ds001_candidate,2.500000
top_tracks,549,5EzvwjFwdP5Kfl5AZAemzu,GBAYE0601468,I Need You - Remastered 2009,The Beatles,148786,,short_term,549,,,,unmatched,,,,,,no_ds001_candidate,2.500000
top_tracks,550,5IMpnpD0tQVcqWlVIgtAtV,USAT22600011,iloveitiloveitiloveit,Bella Kay,183237,,short_term,550,,,,unmatched,,,,,,no_ds001_candidate,2.500000
top_tracks,551,5QQCp4fQiU9I2FU9FvJVV2,USEE10183228,Always,Erasure,237800,,short_term,551,,,,unmatched,,,,,,no_ds001_candidate,2.500000
top_tracks,552,5RKQ5NdjSh2QzD4MaunT91,USSM18100116,Don't Stop Believin' (2022 Remaster),Journey,249600,,short_term,552,,,,unmatched,,,,,,no_ds001_candidate,2.500000
top_tracks,554,5ViLKrbyL3HD6wsq3AB9eI,USQX92506204,White Keys,Dominic Fike,144101,,short_term,554,,,,unmatched,,,,,,no_ds001_candidate,2.500000
top_tracks,555,5eZrW59C3UgBhkqNlowEID,GBAYE0601704,Carry That Weight - Remastered 2009,The Beatles,96466,,short_term,555,,,,unmatched,,,,,,no_ds001_candidate,2.500000
top_tracks,558,5yvVYFDUpbnjcnRBgjwTzM,USQX92600464,Dracula - JENNIE Remix,Tame Impala | JENNIE,209720,,short_term,558,,,,unmatched,,,,,,no_ds001_candidate,2.500000
top_tracks,559,65DbTqJKhbwqYbZ1Okr0rc,USSM12504190,Choosin' Texas,Ella Langley,232226,,short_term,559,,,,unmatched,,,,,,no_ds001_candidate,2.500000
top_tracks,560,69EKwvg7nkdOO3RmeUMJZG,GBAYC1400676,"Puccini: Madama Butterfly, Act 2: ""Un bel dì vedremo"" (Butterfly)","Giacomo Puccini | Maria Callas | Herbert von Karajan | Orchestra Del Teatro Alla Scala, Milano",283934,,short_term,560,,,,unmatched,,,,,,no_ds001_candidate,2.500000
top_tracks,561,6DH13QYXK7lKkYHSU88N48,USUG12505893,Who Knows,Daniel Caesar,226283,,short_term,561,,,,unmatched,,,,,,no_ds001_candidate,2.500000
top_tracks,564,6dGnYIeXmHdcikdzNNDMm2,GBAYE0601696,Here Comes The Sun - Remastered 2009,The Beatles,185733,,short_term,564,,,,unmatched,,,,,,no_ds001_candidate,2.500000
top_tracks,565,6f68Ac5tt5BQOpwr0BV9oN,USAT22509144,I Just Might,Bruno Mars,212973,,short_term,565,,,,unmatched,,,,,,no_ds001_candidate,2.500000
top_tracks,567,6sGIMrtIzQjdzNndVxe397,GBUM72503087,So Easy (To Fall In Love),Olivia Dean,169000,,short_term,567,,,,unmatched,,,,,,no_ds001_candidate,2.500000
top_tracks,568,6vDVu9IM9s8L8XMQ1c1Yti,USSM12503876,bittersweet,Madison Beer,202795,,short_term,568,,,,unmatched,,,,,,no_ds001_candidate,2.500000
top_tracks,569,6wfK1R6FoLpmUA9lk5ll4T,GBAYE0601430,Please Mister Postman - Remastered 2009,The Beatles,154160,,short_term,569,,,,unmatched,,,,,,no_ds001_candidate,2.500000
top_tracks,572,77zqs8ucHCSk5jh9TYec4b,USUM72600177,The Great Divide,Noah Kahan,317961,,short_term,572,,,,unmatched,,,,,,no_ds001_candidate,2.500000
top_tracks,575,7B3BwNecBhKvNwSMOOl7Gk,USSM12501572,Fame is a Gun,Addison Rae,183237,,short_term,575,,,,unmatched,,,,,,no_ds001_candidate,2.500000
top_tracks,577,7LNiAjyg9P2GKINTtN6Yt8,GBAYE0900591,We Can Work It Out - Remastered 2009,The Beatles,136120,,short_term,577,,,,unmatched,,,,,,no_ds001_candidate,2.500000
top_tracks,579,7cjoZVmWe2xsGR4wcXiV2v,NL8RL2584094,What You Saying,Lil Uzi Vert,131729,,short_term,579,,,,unmatched,,,,,,no_ds001_candidate,2.500000
top_tracks,580,7eYtVEDIXCSxMXL19FZzj4,CAT319200101,Troublemaker,Triumph,246400,,short_term,580,,,,unmatched,,,,,,no_ds001_candidate,2.500000
top_tracks,581,7ogpGbKc4Io6NCU6ydxXwZ,USAT22600670,FEVER DREAM,Alex Warren,153430,,short_term,581,,,,unmatched,,,,,,no_ds001_candidate,2.500000
top_tracks,583,7rgUYidQh5tH0YlXCoKaYJ,GBAYE0601433,You Really Got A Hold On Me - Remastered 2009,The Beatles,181346,,short_term,583,,,,unmatched,,,,,,no_ds001_candidate,2.500000
top_tracks,584,7so0lgd0zP2Sbgs2d7a1SZ,USUM72409273,Die With A Smile,Lady Gaga | Bruno Mars,251667,,short_term,584,,,,unmatched,,,,,,no_ds001_candidate,2.500000
top_tracks,585,7tICCrK3CcyRFKza7yrR0z,USWB12600102,Homewrecker,sombr,209066,,short_term,585,,,,unmatched,,,,,,no_ds001_candidate,2.500000
top_tracks,586,1yOwaMlgQUfbPqsrsrVJvQ,GBBLY1404163,Toccata,Sky,282813,,short_term,586,,,,unmatched,,,,,,no_ds001_candidate,2.500000
top_tracks,587,4oVO4fGNRRvEn0CRuFO4qv,USSM12504035,La Perla,ROSALÍA | Yahritza Y Su Esencia,195546,,short_term,587,,,,unmatched,,,,,,no_ds001_candidate,2.500000
top_tracks,588,0ohgsfSecjJz8OtZQ6F3QY,USTE10359006,Toccata and Fugue in D minor,Johann Sebastian Bach | Jacques Loussier Trio,652260,,short_term,588,,,,unmatched,,,,,,no_ds001_candidate,2.500000
top_tracks,589,1PkwJPD48S9IXYpZHJne3f,KRB461800291,"Variations on ""God Save The King"" for Solo Violin, Op. 9",Niccolò Paganini | Roman Kim | Jure Gorucan,356000,,short_term,589,,,,unmatched,,,,,,no_ds001_candidate,2.500000
top_tracks,590,1Zx0HBD6TK0X6lzrxtPWth,USA371126085,"Toccata and Fugue in d monor, BWV 565",London Pops Orchestra | Nelson Corbin,542000,,short_term,590,,,,unmatched,,,,,,no_ds001_candidate,2.500000
top_tracks,591,1fYfrz7yZ3rL9V3LYqIaFf,DEN961230943,"Così fan tutte, K. 588 / Act II: ""Secondate, aurette amiche""",Wolfgang Amadeus Mozart | Rolando Villazón | Adam Plachetka | Chamber Orchestra of Europe | Yannick Nézet-Séguin | Vocalensemble Rastatt,200466,,short_term,591,,,,unmatched,,,,,,no_ds001_candidate,2.500000
top_tracks,592,6yZv0Nl6BXABbXoPVpfF5y,SEAYD7501040,SOS,ABBA,202386,,short_term,592,,,,unmatched,,,,,,no_ds001_candidate,2.500000
top_tracks,596,4KLjbz39GaTXtWVa98SsM3,QZNJY2552118,Torn,Reverse Pathogen,228857,,short_term,596,,,,unmatched,,,,,,no_ds001_candidate,2.500000
top_tracks,598,5HgqQJMn2cwVCP34GuwQHc,GBAAP8400257,I Feel Love / Johnny Remember Me,Bronski Beat,348466,,short_term,598,,,,unmatched,,,,,,no_ds001_candidate,2.500000
top_tracks,600,5lw4ru7fuLv9wD7bXnZjYI,NLA508906101,"Toccata & Fugue in D Minor, BWV 565",Johann Sebastian Bach | Boston Symphony Orchestra | Seiji Ozawa,546000,,short_term,600,,,,unmatched,,,,,,no_ds001_candidate,2.500000
top_tracks,601,6393yGahSJ9slVdOwSxOVR,USAT22001300,Pink Pony Club,Chappell Roan,258034,,short_term,601,,,,unmatched,,,,,,no_ds001_candidate,2.500000
playlist_items,1,,,,,,2025-05-29T13:31:14Z,,,3LVttZ7Q8nihXkpjzhzyFt,Top Played Last Year,1,unmatched,,,,,,missing_track_id_and_metadata,8.000000
playlist_items,2,,,,,,2025-05-29T13:31:14Z,,,3LVttZ7Q8nihXkpjzhzyFt,Top Played Last Year,2,unmatched,,,,,,missing_track_id_and_metadata,4.000000
playlist_items,3,,,,,,2025-05-29T13:31:14Z,,,3LVttZ7Q8nihXkpjzhzyFt,Top Played Last Year,3,unmatched,,,,,,missing_track_id_and_metadata,2.666667
playlist_items,4,,,,,,2025-05-29T13:31:14Z,,,3LVttZ7Q8nihXkpjzhzyFt,Top Played Last Year,4,unmatched,,,,,,missing_track_id_and_metadata,2.000000
playlist_items,5,,,,,,2025-05-29T13:31:14Z,,,3LVttZ7Q8nihXkpjzhzyFt,Top Played Last Year,5,unmatched,,,,,,missing_track_id_and_metadata,1.600000
playlist_items,6,,,,,,2025-05-29T13:31:14Z,,,3LVttZ7Q8nihXkpjzhzyFt,Top Played Last Year,6,unmatched,,,,,,missing_track_id_and_metadata,1.333333
playlist_items,7,,,,,,2025-05-29T13:31:14Z,,,3LVttZ7Q8nihXkpjzhzyFt,Top Played Last Year,7,unmatched,,,,,,missing_track_id_and_metadata,1.142857
playlist_items,8,,,,,,2025-05-29T13:31:14Z,,,3LVttZ7Q8nihXkpjzhzyFt,Top Played Last Year,8,unmatched,,,,,,missing_track_id_and_metadata,1.000000
playlist_items,9,,,,,,2025-05-29T13:31:14Z,,,3LVttZ7Q8nihXkpjzhzyFt,Top Played Last Year,9,unmatched,,,,,,missing_track_id_and_metadata,0.888889
playlist_items,10,,,,,,2025-05-29T13:31:14Z,,,3LVttZ7Q8nihXkpjzhzyFt,Top Played Last Year,10,unmatched,,,,,,missing_track_id_and_metadata,0.800000
playlist_items,11,,,,,,2025-05-29T13:31:14Z,,,3LVttZ7Q8nihXkpjzhzyFt,Top Played Last Year,11,unmatched,,,,,,missing_track_id_and_metadata,0.727273
playlist_items,12,,,,,,2025-05-29T13:31:14Z,,,3LVttZ7Q8nihXkpjzhzyFt,Top Played Last Year,12,unmatched,,,,,,missing_track_id_and_metadata,0.666667
playlist_items,13,,,,,,2025-05-29T13:31:14Z,,,3LVttZ7Q8nihXkpjzhzyFt,Top Played Last Year,13,unmatched,,,,,,missing_track_id_and_metadata,0.615385
playlist_items,14,,,,,,2025-05-29T13:31:14Z,,,3LVttZ7Q8nihXkpjzhzyFt,Top Played Last Year,14,unmatched,,,,,,missing_track_id_and_metadata,0.571429
playlist_items,15,,,,,,2025-05-29T13:31:14Z,,,3LVttZ7Q8nihXkpjzhzyFt,Top Played Last Year,15,unmatched,,,,,,missing_track_id_and_metadata,0.533333
playlist_items,16,,,,,,2025-05-29T13:31:14Z,,,3LVttZ7Q8nihXkpjzhzyFt,Top Played Last Year,16,unmatched,,,,,,missing_track_id_and_metadata,0.500000
playlist_items,17,,,,,,2025-05-29T13:31:14Z,,,3LVttZ7Q8nihXkpjzhzyFt,Top Played Last Year,17,unmatched,,,,,,missing_track_id_and_metadata,0.470588
playlist_items,18,,,,,,2025-05-29T13:31:14Z,,,3LVttZ7Q8nihXkpjzhzyFt,Top Played Last Year,18,unmatched,,,,,,missing_track_id_and_metadata,0.444444
playlist_items,19,,,,,,2025-05-29T13:31:14Z,,,3LVttZ7Q8nihXkpjzhzyFt,Top Played Last Year,19,unmatched,,,,,,missing_track_id_and_metadata,0.421053
playlist_items,20,,,,,,2025-05-29T13:31:14Z,,,3LVttZ7Q8nihXkpjzhzyFt,Top Played Last Year,20,unmatched,,,,,,missing_track_id_and_metadata,0.400000
recently_played,3,2PhictGwt3fvU1uqqMXIZ6,,Retreat,Moby,404430,2026-03-24T15:31:15.644Z,,,,,,unmatched,,,,,,no_ds001_candidate,0.500000
recently_played,5,1YmF9PvLhIISIANoMLIYGq,,A$AP Forever (feat. Moby),A$AP Rocky | Moby,233061,2026-03-24T15:20:15.707Z,,,,,,unmatched,,,,,,no_ds001_candidate,0.500000
recently_played,6,0c6XBVz2evmzERhch4Diew,,Oh My (feat. Moby),Luude | Issey Cross | Moby,160116,2026-03-24T15:16:34.908Z,,,,,,unmatched,,,,,,no_ds001_candidate,0.500000
recently_played,7,1mVd372eD1BYzf8NvJd9jr,,Mott St 1992,Moby,348437,2026-03-24T15:13:16.632Z,,,,,,unmatched,,,,,,no_ds001_candidate,0.500000
recently_played,9,5YKh3YV7d5SC7T6rdX73OM,,Memory Gospel,Moby,402066,2026-03-24T15:04:16.025Z,,,,,,unmatched,,,,,,no_ds001_candidate,0.500000
recently_played,10,0FBdKYYhoKxtpPU1WETW46,,When It's Cold I'd Like to Die - Moby's Remix 7,Moby | Jacob Lusk,427868,2026-03-24T14:57:46.288Z,,,,,,unmatched,,,,,,no_ds001_candidate,0.500000
recently_played,13,6HqsiOkwppOgixff56dWDm,,The Last Day,Moby | Skylar Grey,279659,2026-03-24T14:43:45.838Z,,,,,,unmatched,,,,,,no_ds001_candidate,0.500000
recently_played,15,7siMHyJyxIwMQkHc7EPi9D,,Why Does My Heart Feel So Bad?,Moby,264840,2026-03-24T14:35:15.731Z,,,,,,unmatched,,,,,,no_ds001_candidate,0.500000
