added_at,track_id,track_uri,track_name,artist_names,album_name,duration_ms,popularity,explicit,isrc,track_href,track_external_url
2026-03-20T16:28:26Z,1Owa3Ic2vpcfRCLSqa73NZ,spotify:track:1Owa3Ic2vpcfRCLSqa73NZ,"Sarasate: Zigeunerweisen, Op. 20",Pablo de Sarasate | Itzhak Perlman | Abbey Road Ensemble,Paganini: Violin Concerto No.1 / Sarasate: Carmen Fantasy etc.,517706,,False,GBAYC9503392,https://api.spotify.com/v1/tracks/1Owa3Ic2vpcfRCLSqa73NZ,https://open.spotify.com/track/1Owa3Ic2vpcfRCLSqa73NZ
2026-03-20T16:28:14Z,04dmviXw9I8K4zsJ4bQCyo,spotify:track:04dmviXw9I8K4zsJ4bQCyo,"Sarasate: Danzas españolas: Zapateado, Op. 23 No. 2",Pablo de Sarasate | Itzhak Perlman | Samuel Sanders,Encores,201480,,False,GBAYC1500757,https://api.spotify.com/v1/tracks/04dmviXw9I8K4zsJ4bQCyo,https://open.spotify.com/track/04dmviXw9I8K4zsJ4bQCyo
2026-03-20T16:18:05Z,0zHc9jVOLmAONeZfUtqQ6H,spotify:track:0zHc9jVOLmAONeZfUtqQ6H,"La Campanella from the Violin Concerto No 2 in B Minor, Op. 7",Niccolò Paganini | Roman Kim | Jure Gorucan,KIMPOSSIBLE,392000,,False,KRB461800289,https://api.spotify.com/v1/tracks/0zHc9jVOLmAONeZfUtqQ6H,https://open.spotify.com/track/0zHc9jVOLmAONeZfUtqQ6H
2026-03-20T11:09:52Z,7zMUCLm1TN9o9JlLISztxO,spotify:track:7zMUCLm1TN9o9JlLISztxO,Burning Love,Elvis Presley,Elvis (Fool),171533,,False,USRC18705934,https://api.spotify.com/v1/tracks/7zMUCLm1TN9o9JlLISztxO,https://open.spotify.com/track/7zMUCLm1TN9o9JlLISztxO
2026-03-18T14:31:52Z,2A6yzRGMgSQCUapR2ptm6A,spotify:track:2A6yzRGMgSQCUapR2ptm6A,True Colors,Cyndi Lauper,True Colors,227590,,False,USSM18600632,https://api.spotify.com/v1/tracks/2A6yzRGMgSQCUapR2ptm6A,https://open.spotify.com/track/2A6yzRGMgSQCUapR2ptm6A
2026-03-18T13:10:23Z,0oE6A9bCTnQsT5lXFJxVzb,spotify:track:0oE6A9bCTnQsT5lXFJxVzb,"Married Life (from ""Up"")",Jacob's Piano,"Married Life (from ""Up"")",166622,,False,QZPLR2253103,https://api.spotify.com/v1/tracks/0oE6A9bCTnQsT5lXFJxVzb,https://open.spotify.com/track/0oE6A9bCTnQsT5lXFJxVzb
2026-03-14T09:37:42Z,5jFr0DzRfDI9QcQ9NG4ltE,spotify:track:5jFr0DzRfDI9QcQ9NG4ltE,"Le nozze di Figaro, K. 492, Act II: No. 12, Voi che sapete",Wolfgang Amadeus Mozart | Cecilia Bartoli | Wiener Philharmoniker | Claudio Abbado,Mozart: Le Nozze di Figaro (Highlights),147000,,False,DEF059430527,https://api.spotify.com/v1/tracks/5jFr0DzRfDI9QcQ9NG4ltE,https://open.spotify.com/track/5jFr0DzRfDI9QcQ9NG4ltE
2026-03-09T15:39:23Z,6jBUP2KCe821yqf1hiBqPR,spotify:track:6jBUP2KCe821yqf1hiBqPR,Broken Strings,James Morrison | Nelly Furtado,"Songs For You, Truths For Me (International Exclusive Bundle)",250453,,False,GBUM70810083,https://api.spotify.com/v1/tracks/6jBUP2KCe821yqf1hiBqPR,https://open.spotify.com/track/6jBUP2KCe821yqf1hiBqPR
2026-03-08T17:58:45Z,5NdzToomqRRxNSR0F0nUHg,spotify:track:5NdzToomqRRxNSR0F0nUHg,Music Box Dancer,Frank Mills,Music Box Dancer,192360,,False,GBBLY0606398,https://api.spotify.com/v1/tracks/5NdzToomqRRxNSR0F0nUHg,https://open.spotify.com/track/5NdzToomqRRxNSR0F0nUHg
2026-03-08T17:09:48Z,6k6ofp1C5zMdYDfN36glGp,spotify:track:6k6ofp1C5zMdYDfN36glGp,In Dulce Jubilo (For Maureen),Mike Oldfield,Hergest Ridge (Deluxe Edition),166066,,False,GBUM71001044,https://api.spotify.com/v1/tracks/6k6ofp1C5zMdYDfN36glGp,https://open.spotify.com/track/6k6ofp1C5zMdYDfN36glGp
2026-03-06T09:01:44Z,3lLvfaaU1ARbxAB2qhtIym,spotify:track:3lLvfaaU1ARbxAB2qhtIym,"Così fan tutte, K.588, Act I: Sextetto. ""Alla bella Despinetta""",Wolfgang Amadeus Mozart | Golda Schultz | Kammerakademie Potsdam | Antonello Manacorda | Julie Roset | Amitai Pati | Ashley Dixon Santelli | Milan Siljanov | Samuel Dale Johnson,"Mozart, You Drive Me Crazy!",268880,,False,FR50X2302612,https://api.spotify.com/v1/tracks/3lLvfaaU1ARbxAB2qhtIym,https://open.spotify.com/track/3lLvfaaU1ARbxAB2qhtIym
2026-02-28T11:33:42Z,4ypudCmFDkvLrj5DY6VJzj,spotify:track:4ypudCmFDkvLrj5DY6VJzj,The Mission,Ennio Morricone,The Mission: Music From The Motion Picture,169240,,False,GBAAA8600011,https://api.spotify.com/v1/tracks/4ypudCmFDkvLrj5DY6VJzj,https://open.spotify.com/track/4ypudCmFDkvLrj5DY6VJzj
2026-02-12T14:27:34Z,3U5JVgI2x4rDyHGObzJfNf,spotify:track:3U5JVgI2x4rDyHGObzJfNf,Unwritten,Natasha Bedingfield,Unwritten,259333,,False,GBARL0400707,https://api.spotify.com/v1/tracks/3U5JVgI2x4rDyHGObzJfNf,https://open.spotify.com/track/3U5JVgI2x4rDyHGObzJfNf
2026-02-06T19:58:54Z,0AQSMyOpBCHCAW0IdO3m01,spotify:track:0AQSMyOpBCHCAW0IdO3m01,River Flows in You,Yiruma,Best Of,218293,,False,KRA031103194,https://api.spotify.com/v1/tracks/0AQSMyOpBCHCAW0IdO3m01,https://open.spotify.com/track/0AQSMyOpBCHCAW0IdO3m01
2026-02-05T16:38:48Z,254poIi2T5QaPnxgbDg3Qb,spotify:track:254poIi2T5QaPnxgbDg3Qb,Audio Calibration,Audio Test Pink Noise,For Calibration,222168,,False,GX5MY2303488,https://api.spotify.com/v1/tracks/254poIi2T5QaPnxgbDg3Qb,https://open.spotify.com/track/254poIi2T5QaPnxgbDg3Qb
2026-01-28T15:29:55Z,4mPfHzRQ8R8N2QwuPdHlvf,spotify:track:4mPfHzRQ8R8N2QwuPdHlvf,The Deer Hunter - Cavatina,Stanley Myers,The Deer Hunter and Other Themes,213013,,False,US5940901433,https://api.spotify.com/v1/tracks/4mPfHzRQ8R8N2QwuPdHlvf,https://open.spotify.com/track/4mPfHzRQ8R8N2QwuPdHlvf
2026-01-28T15:22:27Z,4IUtEp3alstvClUa5UIhkE,spotify:track:4IUtEp3alstvClUa5UIhkE,Fawlty Towers,The London Ensemble,100 Greatest TV Themes Vol. 2,51346,,False,GBAJC0700098,https://api.spotify.com/v1/tracks/4IUtEp3alstvClUa5UIhkE,https://open.spotify.com/track/4IUtEp3alstvClUa5UIhkE
2026-01-28T15:20:57Z,4kjvZ1uizpvwjjJZIu2gnK,spotify:track:4kjvZ1uizpvwjjJZIu2gnK,Por Una Cabeza,Carlos Gardel,Las Canciones de Carlos Gardel,325653,,False,DEUE22314558,https://api.spotify.com/v1/tracks/4kjvZ1uizpvwjjJZIu2gnK,https://open.spotify.com/track/4kjvZ1uizpvwjjJZIu2gnK
2026-01-21T17:36:46Z,28fI85MOgzcIPWpS4NNMYP,spotify:track:28fI85MOgzcIPWpS4NNMYP,Marathon - Live In Birmingham England/1988,Rush,A Show Of Hands,399666,,False,USMR18930344,https://api.spotify.com/v1/tracks/28fI85MOgzcIPWpS4NNMYP,https://open.spotify.com/track/28fI85MOgzcIPWpS4NNMYP
2026-01-21T14:40:15Z,1V15l05snHYHYVxerjMFGo,spotify:track:1V15l05snHYHYVxerjMFGo,King Of Pain,The Police,Synchronicity (Remastered 2003),299040,,False,GBAAM0201111,https://api.spotify.com/v1/tracks/1V15l05snHYHYVxerjMFGo,https://open.spotify.com/track/1V15l05snHYHYVxerjMFGo
2026-01-21T09:25:02Z,0XHGKdViVybbZKqEZ2tXqV,spotify:track:0XHGKdViVybbZKqEZ2tXqV,Beds Are Burning,Midnight Oil,Diesel And Dust,254626,,False,AUSM09800190,https://api.spotify.com/v1/tracks/0XHGKdViVybbZKqEZ2tXqV,https://open.spotify.com/track/0XHGKdViVybbZKqEZ2tXqV
2026-01-19T14:17:06Z,0hOTaB243O0209f6TxVu3s,spotify:track:0hOTaB243O0209f6TxVu3s,Passacaglia,Handel/Halvorsen | Pianist Daisy,Passacaglia,194000,,False,QZHN82237720,https://api.spotify.com/v1/tracks/0hOTaB243O0209f6TxVu3s,https://open.spotify.com/track/0hOTaB243O0209f6TxVu3s
2026-01-19T14:16:15Z,2o5SPSGOtBr0XMx2V8cgGO,spotify:track:2o5SPSGOtBr0XMx2V8cgGO,Toccata in A Major,Paradisi | Pietro Paradisi | Boris Apostolov,Baroque Piano for Children Volume1,84630,,False,QZDA82225324,https://api.spotify.com/v1/tracks/2o5SPSGOtBr0XMx2V8cgGO,https://open.spotify.com/track/2o5SPSGOtBr0XMx2V8cgGO
2026-01-19T13:23:31Z,7IVkyo8IVhPsRuZwdfpoLo,spotify:track:7IVkyo8IVhPsRuZwdfpoLo,"Violin Partita No. 2 in D Minor, BWV 1004: V. Ciaccona",Johann Sebastian Bach | Hilary Hahn,Hilary Hahn Plays Bach,1067026,,False,USSM10502921,https://api.spotify.com/v1/tracks/7IVkyo8IVhPsRuZwdfpoLo,https://open.spotify.com/track/7IVkyo8IVhPsRuZwdfpoLo
2026-01-13T11:48:41Z,1gjz3IiVj73kiJnuqUwXxt,spotify:track:1gjz3IiVj73kiJnuqUwXxt,"Mass In B Minor, BWV 232 / Credo: Crucifixus",Johann Sebastian Bach | Münchener Bach-Orchester | Karl Richter | Münchener Bach-Chor,Bach: Mass in B minor,183666,,False,DEF056130205,https://api.spotify.com/v1/tracks/1gjz3IiVj73kiJnuqUwXxt,https://open.spotify.com/track/1gjz3IiVj73kiJnuqUwXxt
2026-01-12T15:12:31Z,7Btod71e87vQVXjGi6yUbU,spotify:track:7Btod71e87vQVXjGi6yUbU,"The Nutcracker, Op. 71, Act II: No. 12, Divertissement: e. Dance of the Reed-Pipes",Pyotr Ilyich Tchaikovsky | Mariinsky Orchestra | Valery Gergiev,Tchaikovsky: The Nutcracker,133800,,False,NLA509802817,https://api.spotify.com/v1/tracks/7Btod71e87vQVXjGi6yUbU,https://open.spotify.com/track/7Btod71e87vQVXjGi6yUbU
2026-01-12T14:46:47Z,2UQaaIJqGD3k2FYV4mjt9Z,spotify:track:2UQaaIJqGD3k2FYV4mjt9Z,Chaconne,Johann Sebastian Bach | Nathan Milstein,Bach: Sonatas & Partitas,829053,,False,USAR29301259,https://api.spotify.com/v1/tracks/2UQaaIJqGD3k2FYV4mjt9Z,https://open.spotify.com/track/2UQaaIJqGD3k2FYV4mjt9Z
2026-01-12T09:56:50Z,4BixGe6AcqJU2etTzeh2cN,spotify:track:4BixGe6AcqJU2etTzeh2cN,Such a Shame,Talk Talk,Natural History - The Very Best of Talk Talk,257626,,False,GBAYE8400233,https://api.spotify.com/v1/tracks/4BixGe6AcqJU2etTzeh2cN,https://open.spotify.com/track/4BixGe6AcqJU2etTzeh2cN
2026-01-11T09:32:31Z,4eyl6CaFdDW0jWAQiYyP6E,spotify:track:4eyl6CaFdDW0jWAQiYyP6E,Familiarity,Punch Brothers,The Phosphorescent Blues,622973,,False,USNO11401244,https://api.spotify.com/v1/tracks/4eyl6CaFdDW0jWAQiYyP6E,https://open.spotify.com/track/4eyl6CaFdDW0jWAQiYyP6E
2026-01-11T08:54:14Z,4cRmzbAXOuvE2GxOUaQ24C,spotify:track:4cRmzbAXOuvE2GxOUaQ24C,"Requiem, K. 626: Sequentia: Dies irae",Wolfgang Amadeus Mozart | Sir Colin Davis | Angela Maria Blasi | Marjana Lipovsek | Uwe Heilmann | Jan-Hendrik Rootering,Mozart: Requiem / Choral Works,104906,,False,USBC19100211,https://api.spotify.com/v1/tracks/4cRmzbAXOuvE2GxOUaQ24C,https://open.spotify.com/track/4cRmzbAXOuvE2GxOUaQ24C
2026-01-11T08:53:47Z,67kZlVD8tuQQ6Zx4erA9Jm,spotify:track:67kZlVD8tuQQ6Zx4erA9Jm,"Requiem, K. 626: IIIa. Dies irae",Wolfgang Amadeus Mozart | Wiener Singverein | Wiener Philharmoniker | Herbert von Karajan,Mozart: Requiem,113000,,False,DEF058630101,https://api.spotify.com/v1/tracks/67kZlVD8tuQQ6Zx4erA9Jm,https://open.spotify.com/track/67kZlVD8tuQQ6Zx4erA9Jm
2026-01-11T08:52:21Z,3By9jCy6b4dv5XnlhvIWwx,spotify:track:3By9jCy6b4dv5XnlhvIWwx,Dies Irae,Giuseppe Verdi | Carmen Giannattasio | Veronica Simeoni | Alxander Timchenko | Carlo Colombara | Yuri Temirkanov | St. Petersburg Philharmonic Orchestra,Verdi Requiem,134746,,False,GBLLH1018402,https://api.spotify.com/v1/tracks/3By9jCy6b4dv5XnlhvIWwx,https://open.spotify.com/track/3By9jCy6b4dv5XnlhvIWwx
2026-01-11T00:41:16Z,0dXrZ47LxK2PHm4mjSlwgt,spotify:track:0dXrZ47LxK2PHm4mjSlwgt,"The Planets, Op. 32: I. Mars, the Bringer of War",Gustav Holst | Los Angeles Philharmonic | Zubin Mehta,"Holst: The Planets / John Williams: Star Wars Suite / Strauss, R.: Also sprach Zarathustra",429600,,False,GBF077110641,https://api.spotify.com/v1/tracks/0dXrZ47LxK2PHm4mjSlwgt,https://open.spotify.com/track/0dXrZ47LxK2PHm4mjSlwgt
2026-01-10T23:45:40Z,2UUPd83rV19BPDbjlp0RU6,spotify:track:2UUPd83rV19BPDbjlp0RU6,I'll Find My Way Home - Remastered,Jon & Vangelis,The Friends Of Mister Cairo (Remastered),270666,,False,GBUM71601974,https://api.spotify.com/v1/tracks/2UUPd83rV19BPDbjlp0RU6,https://open.spotify.com/track/2UUPd83rV19BPDbjlp0RU6
2026-01-09T23:49:34Z,0Ja4hLKiUSw01E01pJ1yGr,spotify:track:0Ja4hLKiUSw01E01pJ1yGr,Breathe,The Prodigy,The Fat of the Land,336280,,False,GBBKS9700074,https://api.spotify.com/v1/tracks/0Ja4hLKiUSw01E01pJ1yGr,https://open.spotify.com/track/0Ja4hLKiUSw01E01pJ1yGr
2026-01-09T23:43:37Z,2bN58GareTPp89qlI9j0rk,spotify:track:2bN58GareTPp89qlI9j0rk,Limit To Your Love,James Blake,James Blake,276720,,False,GBUM71028665,https://api.spotify.com/v1/tracks/2bN58GareTPp89qlI9j0rk,https://open.spotify.com/track/2bN58GareTPp89qlI9j0rk
2026-01-09T22:40:34Z,2MYPFXScWdR3PQihBQxu7x,spotify:track:2MYPFXScWdR3PQihBQxu7x,Bubbles,Yosi Horikawa,Wandering,347250,,False,GBMCZ0600601,https://api.spotify.com/v1/tracks/2MYPFXScWdR3PQihBQxu7x,https://open.spotify.com/track/2MYPFXScWdR3PQihBQxu7x
2026-01-09T22:31:39Z,6APBnfCBZmyJKaocgPY6MX,spotify:track:6APBnfCBZmyJKaocgPY6MX,Letter,Yosi Horikawa,Wandering,263402,,False,GBMCZ0600603,https://api.spotify.com/v1/tracks/6APBnfCBZmyJKaocgPY6MX,https://open.spotify.com/track/6APBnfCBZmyJKaocgPY6MX
2026-01-09T22:31:14Z,45zlIlHtm9DUYnEBYw8Lkq,spotify:track:45zlIlHtm9DUYnEBYw8Lkq,Little Person,Michael Wollny | Tim Lefebvre | Eric Schaefer,Weltentraum,223759,,False,DEA891400072,https://api.spotify.com/v1/tracks/45zlIlHtm9DUYnEBYw8Lkq,https://open.spotify.com/track/45zlIlHtm9DUYnEBYw8Lkq
2026-01-09T22:27:43Z,4eP7VbswtkGd5Hlyj4E7Qx,spotify:track:4eP7VbswtkGd5Hlyj4E7Qx,Nevada,Kerala Dust,Late Sun,363094,,False,DEH741700835,https://api.spotify.com/v1/tracks/4eP7VbswtkGd5Hlyj4E7Qx,https://open.spotify.com/track/4eP7VbswtkGd5Hlyj4E7Qx
2026-01-09T22:23:09Z,1DK2JuYarBeNwcLNPw1Qyo,spotify:track:1DK2JuYarBeNwcLNPw1Qyo,Paper Trails,DARKSIDE,Psychic,289840,,False,USMTD1303939,https://api.spotify.com/v1/tracks/1DK2JuYarBeNwcLNPw1Qyo,https://open.spotify.com/track/1DK2JuYarBeNwcLNPw1Qyo
2026-01-09T22:17:31Z,6OKUhXuJMvoVPde9fMJJzy,spotify:track:6OKUhXuJMvoVPde9fMJJzy,Tom's Diner,Suzanne Vega,Solitude Standing,129106,,False,USAM18790001,https://api.spotify.com/v1/tracks/6OKUhXuJMvoVPde9fMJJzy,https://open.spotify.com/track/6OKUhXuJMvoVPde9fMJJzy
2026-01-08T20:44:26Z,6EXi6ZqTITKGtVBKqbphjL,spotify:track:6EXi6ZqTITKGtVBKqbphjL,Porcelain,Moby,Play,241160,,False,GBAJH9900036,https://api.spotify.com/v1/tracks/6EXi6ZqTITKGtVBKqbphjL,https://open.spotify.com/track/6EXi6ZqTITKGtVBKqbphjL
2026-01-07T20:18:11Z,52Lz3HKBItvMWuSNDBixq3,spotify:track:52Lz3HKBItvMWuSNDBixq3,It Can Happen,Yes,90125 (Deluxe Version),329506,,False,USAT20702541,https://api.spotify.com/v1/tracks/52Lz3HKBItvMWuSNDBixq3,https://open.spotify.com/track/52Lz3HKBItvMWuSNDBixq3
2026-01-07T18:09:49Z,7CIoJE0JfVFcmmUY3fFojH,spotify:track:7CIoJE0JfVFcmmUY3fFojH,"Hungarian Rhapsody No. 2 in C-Sharp Minor, S. 244/2",Franz Liszt | Vladimir Horowitz,Horowitz Plays Liszt,541600,,False,USBC15300135,https://api.spotify.com/v1/tracks/7CIoJE0JfVFcmmUY3fFojH,https://open.spotify.com/track/7CIoJE0JfVFcmmUY3fFojH
2026-01-07T18:06:39Z,6GzMz3s0K1YKwRVI36CgRx,spotify:track:6GzMz3s0K1YKwRVI36CgRx,"Liebestraume, S541/R211 : No. 3: Nocturne in A-Flat Major",Franz Liszt | Jenő Jandó,Liszt: Scherzo and March / 3 Liebestraume / Berceuse,270000,,False,HKI199610305,https://api.spotify.com/v1/tracks/6GzMz3s0K1YKwRVI36CgRx,https://open.spotify.com/track/6GzMz3s0K1YKwRVI36CgRx
2026-01-07T18:04:43Z,17i5jLpzndlQhbS4SrTd0B,spotify:track:17i5jLpzndlQhbS4SrTd0B,"Cello Suite No. 1 in G Major, BWV 1007: I. Prélude",Johann Sebastian Bach | Yo-Yo Ma,"Bach: Cello Suites Nos. 1, 5 & 6",152280,,False,USSM18200515,https://api.spotify.com/v1/tracks/17i5jLpzndlQhbS4SrTd0B,https://open.spotify.com/track/17i5jLpzndlQhbS4SrTd0B
2026-01-07T17:54:25Z,0Qv7xi6uPSqH2k82tOkGSt,spotify:track:0Qv7xi6uPSqH2k82tOkGSt,Mad World,Tears For Fears,The Hurting,215400,,False,GBF088200040,https://api.spotify.com/v1/tracks/0Qv7xi6uPSqH2k82tOkGSt,https://open.spotify.com/track/0Qv7xi6uPSqH2k82tOkGSt
2026-01-07T17:46:11Z,0SNGu5dJ0CB1gRoKRIoz9H,spotify:track:0SNGu5dJ0CB1gRoKRIoz9H,I Hear You Now,Jon & Vangelis,Synthesizer Hits,288200,,False,GBAKW0300439,https://api.spotify.com/v1/tracks/0SNGu5dJ0CB1gRoKRIoz9H,https://open.spotify.com/track/0SNGu5dJ0CB1gRoKRIoz9H
2026-01-07T17:37:18Z,4uzKAj0mIyYmyhsRRyPXaQ,spotify:track:4uzKAj0mIyYmyhsRRyPXaQ,Carry You Home,Alex Warren,Carry You Home,166880,,False,USAT22403017,https://api.spotify.com/v1/tracks/4uzKAj0mIyYmyhsRRyPXaQ,https://open.spotify.com/track/4uzKAj0mIyYmyhsRRyPXaQ
2026-01-07T16:41:20Z,2CIDqYfIYfl9vx02wIyCG9,spotify:track:2CIDqYfIYfl9vx02wIyCG9,All Through the Night,Cyndi Lauper,She's So Unusual,272637,,False,USSM18300652,https://api.spotify.com/v1/tracks/2CIDqYfIYfl9vx02wIyCG9,https://open.spotify.com/track/2CIDqYfIYfl9vx02wIyCG9
2026-01-07T16:41:12Z,1hY60LJWE6B9gHV1Oi9kE5,spotify:track:1hY60LJWE6B9gHV1Oi9kE5,"The Goonies 'R' Good Enough - From ""The Goonies"" Soundtrack",Cyndi Lauper,The Goonies (Original Motion Picture Soundtrack),218440,,False,USSM19927699,https://api.spotify.com/v1/tracks/1hY60LJWE6B9gHV1Oi9kE5,https://open.spotify.com/track/1hY60LJWE6B9gHV1Oi9kE5
2026-01-02T19:17:59Z,6iLzFJhs4ATwJn7P1utZIJ,spotify:track:6iLzFJhs4ATwJn7P1utZIJ,Light of the Seven,Ramin Djawadi,Game of Thrones (Music from the HBO® Series - Season 6),589094,,False,USNLR1600338,https://api.spotify.com/v1/tracks/6iLzFJhs4ATwJn7P1utZIJ,https://open.spotify.com/track/6iLzFJhs4ATwJn7P1utZIJ
2026-01-02T19:06:03Z,2xZSSlwJvomeVI7YWbjlay,spotify:track:2xZSSlwJvomeVI7YWbjlay,Albatross,The Session,The Greatest Instrumentals of All Time,189973,,False,GBGVZ0850002,https://api.spotify.com/v1/tracks/2xZSSlwJvomeVI7YWbjlay,https://open.spotify.com/track/2xZSSlwJvomeVI7YWbjlay
2026-01-02T19:05:33Z,7rL0EdLT8EkVTELvY9lVXJ,spotify:track:7rL0EdLT8EkVTELvY9lVXJ,Mission Impossible,The Session,The Greatest Instrumentals of All Time,196493,,False,GBGVZ0850008,https://api.spotify.com/v1/tracks/7rL0EdLT8EkVTELvY9lVXJ,https://open.spotify.com/track/7rL0EdLT8EkVTELvY9lVXJ
2026-01-02T19:03:22Z,3W0rRQVOE5mE5qNjsgiXjL,spotify:track:3W0rRQVOE5mE5qNjsgiXjL,"Theme From ""Hawaii Five-0""",The Whodads,Hawaii Five-O,111893,,False,BEY449800215,https://api.spotify.com/v1/tracks/3W0rRQVOE5mE5qNjsgiXjL,https://open.spotify.com/track/3W0rRQVOE5mE5qNjsgiXjL
2025-12-22T19:45:07Z,3AMCuMIDuPKM2nxf3dKyx4,spotify:track:3AMCuMIDuPKM2nxf3dKyx4,"Absolute Beginners - Live at BBC Radio Theatre, London, 27th June, 2000; 2021 Remaster",David Bowie,Brilliant Adventure (1992 – 2001),394876,,False,USJT12000129,https://api.spotify.com/v1/tracks/3AMCuMIDuPKM2nxf3dKyx4,https://open.spotify.com/track/3AMCuMIDuPKM2nxf3dKyx4
2025-12-22T19:43:16Z,5vrMM7hAZPQx9955euW6Jb,spotify:track:5vrMM7hAZPQx9955euW6Jb,Blue Jean - 2018 Remaster,David Bowie,Tonight (2018 Remaster),191906,,False,USJT11700514,https://api.spotify.com/v1/tracks/5vrMM7hAZPQx9955euW6Jb,https://open.spotify.com/track/5vrMM7hAZPQx9955euW6Jb
2025-12-22T19:39:55Z,1PHBBJNH4WFuDBlAuVKWMA,spotify:track:1PHBBJNH4WFuDBlAuVKWMA,Have Mercy On The Criminal,Elton John,Don't Shoot Me I'm Only The Piano Player,357733,,False,GBAMB9500006,https://api.spotify.com/v1/tracks/1PHBBJNH4WFuDBlAuVKWMA,https://open.spotify.com/track/1PHBBJNH4WFuDBlAuVKWMA
2025-12-11T16:01:14Z,3F4JxbEkur9ZXAtQ5GFVXB,spotify:track:3F4JxbEkur9ZXAtQ5GFVXB,Suburbia,Pet Shop Boys,Discography - Complete Singles Collection,244306,,False,GBAYE8600050,https://api.spotify.com/v1/tracks/3F4JxbEkur9ZXAtQ5GFVXB,https://open.spotify.com/track/3F4JxbEkur9ZXAtQ5GFVXB
2025-12-11T16:01:10Z,5Tjl3JKE16Wysns0mpfkZT,spotify:track:5Tjl3JKE16Wysns0mpfkZT,Opportunities (Let's Make Lots of Money),Pet Shop Boys,Discography - Complete Singles Collection,218000,,False,GBAYE8600049,https://api.spotify.com/v1/tracks/5Tjl3JKE16Wysns0mpfkZT,https://open.spotify.com/track/5Tjl3JKE16Wysns0mpfkZT
2025-12-10T18:36:57Z,5duZVZ4m1TaJDTCbeHG8TG,spotify:track:5duZVZ4m1TaJDTCbeHG8TG,Raiders March,John Williams,Indiana Jones and the Kingdom of the Crystal Skull (Original Motion Picture Soundtrack),305640,,False,USC4R0816782,https://api.spotify.com/v1/tracks/5duZVZ4m1TaJDTCbeHG8TG,https://open.spotify.com/track/5duZVZ4m1TaJDTCbeHG8TG
2025-12-06T12:53:49Z,2PeyQvyaViallofbtwS4PL,spotify:track:2PeyQvyaViallofbtwS4PL,I Don't Believe in You - 1997 Remaster,Talk Talk,The Colour of Spring,302373,,False,GBAYE9702148,https://api.spotify.com/v1/tracks/2PeyQvyaViallofbtwS4PL,https://open.spotify.com/track/2PeyQvyaViallofbtwS4PL
2025-12-05T12:17:26Z,6mVlGhXn7yXqI3iiwfeyHj,spotify:track:6mVlGhXn7yXqI3iiwfeyHj,X Colpa Di Chi? - Remastered 2017,Zucchero,Wanted (The Best Collection),194600,,False,ITUM71701149,https://api.spotify.com/v1/tracks/6mVlGhXn7yXqI3iiwfeyHj,https://open.spotify.com/track/6mVlGhXn7yXqI3iiwfeyHj
2025-11-30T15:50:16Z,4jhsuQCUCJKA5f0bXb6XdJ,spotify:track:4jhsuQCUCJKA5f0bXb6XdJ,It's My Life - 1997 Remaster,Talk Talk,It's My Life,232400,,False,GBAYE9700491,https://api.spotify.com/v1/tracks/4jhsuQCUCJKA5f0bXb6XdJ,https://open.spotify.com/track/4jhsuQCUCJKA5f0bXb6XdJ
2025-11-26T16:58:09Z,2JhIaeltCDCcp02K936tgx,spotify:track:2JhIaeltCDCcp02K936tgx,Change,Tears For Fears,The Hurting,254000,,False,GBF088300046,https://api.spotify.com/v1/tracks/2JhIaeltCDCcp02K936tgx,https://open.spotify.com/track/2JhIaeltCDCcp02K936tgx
2025-11-26T16:49:47Z,62vx6uOYO7PrqKqKTKg9RY,spotify:track:62vx6uOYO7PrqKqKTKg9RY,Sowing The Seeds Of Love,Tears For Fears,The Seeds Of Love,379333,,False,GBF088990128,https://api.spotify.com/v1/tracks/62vx6uOYO7PrqKqKTKg9RY,https://open.spotify.com/track/62vx6uOYO7PrqKqKTKg9RY
2025-11-26T16:38:48Z,0Xam0zVac3hKWWN4OQ5Gdr,spotify:track:0Xam0zVac3hKWWN4OQ5Gdr,Pale Shelter - 2nd Single Version,Tears For Fears,The Hurting,273893,,False,GBF088300041,https://api.spotify.com/v1/tracks/0Xam0zVac3hKWWN4OQ5Gdr,https://open.spotify.com/track/0Xam0zVac3hKWWN4OQ5Gdr
2025-11-26T14:14:16Z,3wowK80ug94yqlI86A9Ej9,spotify:track:3wowK80ug94yqlI86A9Ej9,Happiness Is Easy - 1997 Remaster,Talk Talk,The Colour of Spring,390693,,False,GBAYE9701948,https://api.spotify.com/v1/tracks/3wowK80ug94yqlI86A9Ej9,https://open.spotify.com/track/3wowK80ug94yqlI86A9Ej9
2025-11-25T08:14:59Z,28smE6qFUkhfUhEvvmSdQ1,spotify:track:28smE6qFUkhfUhEvvmSdQ1,"La Campanella, Op.7",Niccolò Paganini | David Garrett | Alexander Markovich,14,369986,,False,DEF059505660,https://api.spotify.com/v1/tracks/28smE6qFUkhfUhEvvmSdQ1,https://open.spotify.com/track/28smE6qFUkhfUhEvvmSdQ1
2025-11-20T15:19:43Z,0lgqzJzGYNbmUinmv51unw,spotify:track:0lgqzJzGYNbmUinmv51unw,Simon & Simon - Theme from the TV Series,Dominik Hauser,"Simon & Simon - Theme from the TV Series (Barry De Vorzon, Michael Towers)",65372,,False,QMT281200505,https://api.spotify.com/v1/tracks/0lgqzJzGYNbmUinmv51unw,https://open.spotify.com/track/0lgqzJzGYNbmUinmv51unw
2025-11-20T08:56:14Z,4pbzF8W8RnqlN5epqkI1Qf,spotify:track:4pbzF8W8RnqlN5epqkI1Qf,"Oxygène, Pt. 4",Jean-Michel Jarre,Oxygène,246000,,False,FR45F1100080,https://api.spotify.com/v1/tracks/4pbzF8W8RnqlN5epqkI1Qf,https://open.spotify.com/track/4pbzF8W8RnqlN5epqkI1Qf
2025-11-12T14:06:39Z,7Jgz1CgFVfBmtYJ1lc0UXa,spotify:track:7Jgz1CgFVfBmtYJ1lc0UXa,Rhythm of Love,Yes,Big Generator,292173,,False,USEW19900109,https://api.spotify.com/v1/tracks/7Jgz1CgFVfBmtYJ1lc0UXa,https://open.spotify.com/track/7Jgz1CgFVfBmtYJ1lc0UXa
2025-11-07T19:40:42Z,4YhY2qHdBmSX33uj8ms0oq,spotify:track:4YhY2qHdBmSX33uj8ms0oq,O Tannenbaum,Vince Guaraldi Trio,A Charlie Brown Christmas [2012 Remastered & Expanded Edition],309386,,False,USC4R1201093,https://api.spotify.com/v1/tracks/4YhY2qHdBmSX33uj8ms0oq,https://open.spotify.com/track/4YhY2qHdBmSX33uj8ms0oq
2025-10-20T14:52:05Z,56xGQnjF6P61h3BKadyEOh,spotify:track:56xGQnjF6P61h3BKadyEOh,Home on the Strange,Geddy Lee,My Favorite Headache,227000,,False,USAT20003552,https://api.spotify.com/v1/tracks/56xGQnjF6P61h3BKadyEOh,https://open.spotify.com/track/56xGQnjF6P61h3BKadyEOh
2025-10-18T08:36:42Z,7nYS7mmZh0K8EbM8DBRwb9,spotify:track:7nYS7mmZh0K8EbM8DBRwb9,Life for Rent,Dido,Life For Rent,221053,,False,GBBXH0300037,https://api.spotify.com/v1/tracks/7nYS7mmZh0K8EbM8DBRwb9,https://open.spotify.com/track/7nYS7mmZh0K8EbM8DBRwb9
2025-10-18T07:04:40Z,4jiM2fAXVOxl4DAx3wraFx,spotify:track:4jiM2fAXVOxl4DAx3wraFx,Suzanne,Leonard Cohen,Songs Of Leonard Cohen,230284,,False,USSM16701039,https://api.spotify.com/v1/tracks/4jiM2fAXVOxl4DAx3wraFx,https://open.spotify.com/track/4jiM2fAXVOxl4DAx3wraFx
2025-10-18T07:03:04Z,3M0QK0bYdiGMu6JNoPk8YG,spotify:track:3M0QK0bYdiGMu6JNoPk8YG,Bird on the Wire,Leonard Cohen,Songs From A Room,208616,,False,USSM19917381,https://api.spotify.com/v1/tracks/3M0QK0bYdiGMu6JNoPk8YG,https://open.spotify.com/track/3M0QK0bYdiGMu6JNoPk8YG
2025-10-16T15:28:20Z,52768TnFxLKgTJMM9vxJxb,spotify:track:52768TnFxLKgTJMM9vxJxb,"Theme - From ""Simon and Simon""",Daniel Caine Orchestra,100 Greatest TV Themes Vol. 2,204413,,False,GBAJC9801544,https://api.spotify.com/v1/tracks/52768TnFxLKgTJMM9vxJxb,https://open.spotify.com/track/52768TnFxLKgTJMM9vxJxb
2025-10-15T16:57:43Z,2e61kmae4HhbuS9hYONQ0A,spotify:track:2e61kmae4HhbuS9hYONQ0A,The Song Remains the Same - Remaster,Led Zeppelin,Houses of the Holy (Remaster),329093,,False,USAT21300890,https://api.spotify.com/v1/tracks/2e61kmae4HhbuS9hYONQ0A,https://open.spotify.com/track/2e61kmae4HhbuS9hYONQ0A
2025-10-09T15:13:37Z,7iA7W8XQ649pA5sgMiSOtJ,spotify:track:7iA7W8XQ649pA5sgMiSOtJ,Up and Down,Anika Nilles,Opuntia,242000,,False,DERY32200136,https://api.spotify.com/v1/tracks/7iA7W8XQ649pA5sgMiSOtJ,https://open.spotify.com/track/7iA7W8XQ649pA5sgMiSOtJ
2025-10-09T15:09:55Z,1WRXRYmdy8gOFk72mimv8o,spotify:track:1WRXRYmdy8gOFk72mimv8o,Synergy,Anika Nilles,Pikalar,233373,,False,DERY31700066,https://api.spotify.com/v1/tracks/1WRXRYmdy8gOFk72mimv8o,https://open.spotify.com/track/1WRXRYmdy8gOFk72mimv8o
2025-10-02T13:03:44Z,6gyU6PaPpzTCUYzZcVICwk,spotify:track:6gyU6PaPpzTCUYzZcVICwk,Follow You Follow Me - 2007 Remaster,Genesis,And Then There Were Three (2007 Remaster),239333,,False,GBAAA0700083,https://api.spotify.com/v1/tracks/6gyU6PaPpzTCUYzZcVICwk,https://open.spotify.com/track/6gyU6PaPpzTCUYzZcVICwk
2025-09-30T05:40:10Z,0lmoL978PNAu7qQS2Q7zPJ,spotify:track:0lmoL978PNAu7qQS2Q7zPJ,Western Sunset,Envy Of None,Envy of None,144759,,False,GBCQV2101057,https://api.spotify.com/v1/tracks/0lmoL978PNAu7qQS2Q7zPJ,https://open.spotify.com/track/0lmoL978PNAu7qQS2Q7zPJ
2025-09-19T22:23:39Z,3KPwt1LBpt1jVSHz8GXERo,spotify:track:3KPwt1LBpt1jVSHz8GXERo,Feel like Makin' Love - 2015 Remaster,Bad Company,Straight Shooter,313840,,False,USAT21405193,https://api.spotify.com/v1/tracks/3KPwt1LBpt1jVSHz8GXERo,https://open.spotify.com/track/3KPwt1LBpt1jVSHz8GXERo
2025-09-19T22:07:53Z,6yZv0Nl6BXABbXoPVpfF5y,spotify:track:6yZv0Nl6BXABbXoPVpfF5y,SOS,ABBA,Abba,202386,,False,SEAYD7501040,https://api.spotify.com/v1/tracks/6yZv0Nl6BXABbXoPVpfF5y,https://open.spotify.com/track/6yZv0Nl6BXABbXoPVpfF5y
2025-09-19T22:06:50Z,1lDo24S34NvI1pAg7Oxldc,spotify:track:1lDo24S34NvI1pAg7Oxldc,The Name Of The Game,ABBA,The Album,291866,,False,SEAYD7702040,https://api.spotify.com/v1/tracks/1lDo24S34NvI1pAg7Oxldc,https://open.spotify.com/track/1lDo24S34NvI1pAg7Oxldc
2025-09-19T15:03:03Z,4fhdRmGvlI182zyVeHWmqj,spotify:track:4fhdRmGvlI182zyVeHWmqj,Many Too Many - 2007 Remaster,Genesis,And Then There Were Three (2007 Remaster),211800,,False,GBAAA0700079,https://api.spotify.com/v1/tracks/4fhdRmGvlI182zyVeHWmqj,https://open.spotify.com/track/4fhdRmGvlI182zyVeHWmqj
2025-09-17T12:42:02Z,4XiDAxr6alWzxm24i2Rt4K,spotify:track:4XiDAxr6alWzxm24i2Rt4K,A Day In The Life,The Beatles,Love,308191,,False,GBAYE0601565,https://api.spotify.com/v1/tracks/4XiDAxr6alWzxm24i2Rt4K,https://open.spotify.com/track/4XiDAxr6alWzxm24i2Rt4K
2025-09-17T12:41:16Z,0xeBC6N81ZBYDtxuBFGSuO,spotify:track:0xeBC6N81ZBYDtxuBFGSuO,Deacon Blues,Steely Dan,Aja,455497,,False,USMC17647231,https://api.spotify.com/v1/tracks/0xeBC6N81ZBYDtxuBFGSuO,https://open.spotify.com/track/0xeBC6N81ZBYDtxuBFGSuO
2025-09-17T12:40:12Z,6LgJvl0Xdtc73RJ1mmpotq,spotify:track:6LgJvl0Xdtc73RJ1mmpotq,Paranoid Android,Radiohead,OK Computer,387213,,False,GBAYE9701376,https://api.spotify.com/v1/tracks/6LgJvl0Xdtc73RJ1mmpotq,https://open.spotify.com/track/6LgJvl0Xdtc73RJ1mmpotq
2025-08-20T11:00:23Z,76FX6R9sUhG9M5mcjRQpHC,spotify:track:76FX6R9sUhG9M5mcjRQpHC,"The Hunter and the Jazzy Fox (Third Movement from The Four Seasons in Janoska Style, Autumn, Violin Concerto in F Major, Op. 8/3, RV 293)",Antonio Vivaldi | Janoska Ensemble,Vivaldi: The Four Seasons in Janoska Style,250000,,False,ATUM72400104,https://api.spotify.com/v1/tracks/76FX6R9sUhG9M5mcjRQpHC,https://open.spotify.com/track/76FX6R9sUhG9M5mcjRQpHC
2025-08-13T11:02:23Z,3QceuWwcGZI00IyC5dimqo,spotify:track:3QceuWwcGZI00IyC5dimqo,La Serenissima,Rondò Veneziano,Stagioni di Venezia,134893,,False,ITB009270552,https://api.spotify.com/v1/tracks/3QceuWwcGZI00IyC5dimqo,https://open.spotify.com/track/3QceuWwcGZI00IyC5dimqo
2025-07-07T14:29:37Z,2Y90nL1ohB4sgYELDs7uNx,spotify:track:2Y90nL1ohB4sgYELDs7uNx,Glory Days,Bruce Springsteen,Born In The U.S.A.,258317,,False,USSM18400415,https://api.spotify.com/v1/tracks/2Y90nL1ohB4sgYELDs7uNx,https://open.spotify.com/track/2Y90nL1ohB4sgYELDs7uNx
2025-07-04T12:43:26Z,5SCz9Tvobw9mRdNpFwUsDo,spotify:track:5SCz9Tvobw9mRdNpFwUsDo,"Haydn: Cello Concerto No. 1 in C Major, Hob. VIIb:1: III. Allegro molto",Joseph Haydn | Mstislav Rostropovich | Academy of St. Martin in the Fields,Haydn: Cello Concertos Nos 1 & 2,383573,,False,GBAYC1601893,https://api.spotify.com/v1/tracks/5SCz9Tvobw9mRdNpFwUsDo,https://open.spotify.com/track/5SCz9Tvobw9mRdNpFwUsDo
2025-07-04T11:28:09Z,44zX8MfytEoXLGI2o6g7XP,spotify:track:44zX8MfytEoXLGI2o6g7XP,"Concerto For 2 Violins In A Minor, Op. 3, No. 8, RV 522: I. Allegro",Antonio Vivaldi | Capella Istropolitana,"Vivaldi: L´Estro Armonico, Op. 3",213800,,False,HKI199328915,https://api.spotify.com/v1/tracks/44zX8MfytEoXLGI2o6g7XP,https://open.spotify.com/track/44zX8MfytEoXLGI2o6g7XP
2025-06-20T13:05:25Z,4CHfLq3n8LeEtKf1FL0zBk,spotify:track:4CHfLq3n8LeEtKf1FL0zBk,Amazing,Aerosmith,Big Ones,356533,,False,USIR10000426,https://api.spotify.com/v1/tracks/4CHfLq3n8LeEtKf1FL0zBk,https://open.spotify.com/track/4CHfLq3n8LeEtKf1FL0zBk
2025-06-20T13:04:26Z,5fMwvrqujbQjUxcNPcYrUF,spotify:track:5fMwvrqujbQjUxcNPcYrUF,Janie's Got A Gun,Aerosmith,Big Ones,330533,,False,USGF19925407,https://api.spotify.com/v1/tracks/5fMwvrqujbQjUxcNPcYrUF,https://open.spotify.com/track/5fMwvrqujbQjUxcNPcYrUF
2025-06-20T13:03:13Z,4avSaixVwu8uqfSs7zgoj3,spotify:track:4avSaixVwu8uqfSs7zgoj3,Livin' On The Edge,Aerosmith,Get A Grip,380893,,False,USIR10000445,https://api.spotify.com/v1/tracks/4avSaixVwu8uqfSs7zgoj3,https://open.spotify.com/track/4avSaixVwu8uqfSs7zgoj3
2025-06-20T12:21:08Z,2fAYTT9kcUm8tnUrhD80sC,spotify:track:2fAYTT9kcUm8tnUrhD80sC,What It Takes,Aerosmith,Big Ones,310533,,False,USIR10000463,https://api.spotify.com/v1/tracks/2fAYTT9kcUm8tnUrhD80sC,https://open.spotify.com/track/2fAYTT9kcUm8tnUrhD80sC
2025-06-19T20:59:55Z,1NPZKvcJfrwF5lUWJUKoMO,spotify:track:1NPZKvcJfrwF5lUWJUKoMO,"Mozart: Così fan tutte, K. 588: Overture",Wolfgang Amadeus Mozart | Sir Neville Marriner | Academy of St. Martin in the Fields,Mozart: Overtures,294373,,False,GBAYC8100211,https://api.spotify.com/v1/tracks/1NPZKvcJfrwF5lUWJUKoMO,https://open.spotify.com/track/1NPZKvcJfrwF5lUWJUKoMO
2025-06-19T20:58:48Z,23if4cvw0UI7c8Uc5OOvss,spotify:track:23if4cvw0UI7c8Uc5OOvss,"The Marriage of Figaro Overture, KV 492",Wolfgang Amadeus Mozart | London Philharmonic Orchestra | Alfred Scholz,Mozart: Marriage of Figaro Overture - Magic Flute Overture - Abduction from the Seraglio Overture,260693,,False,USSJ10901505,https://api.spotify.com/v1/tracks/23if4cvw0UI7c8Uc5OOvss,https://open.spotify.com/track/23if4cvw0UI7c8Uc5OOvss
2025-06-19T20:54:57Z,4eYAfm6TT6F5j7xzBFkTGI,spotify:track:4eYAfm6TT6F5j7xzBFkTGI,The Magic Flute Overture,Wolfgang Amadeus Mozart | London Philharmonic Orchestra | Alfred Scholz,Mozart: Marriage of Figaro Overture - Magic Flute Overture - Abduction from the Seraglio Overture,392649,,False,USSJ10901506,https://api.spotify.com/v1/tracks/4eYAfm6TT6F5j7xzBFkTGI,https://open.spotify.com/track/4eYAfm6TT6F5j7xzBFkTGI
2025-06-19T11:53:53Z,07W9DzKqaXCSL9niXf6BGf,spotify:track:07W9DzKqaXCSL9niXf6BGf,Out of the Blue - 2006 Remaster,David Gilmour,About Face,220853,,False,GBLTP0600031,https://api.spotify.com/v1/tracks/07W9DzKqaXCSL9niXf6BGf,https://open.spotify.com/track/07W9DzKqaXCSL9niXf6BGf
2025-06-14T08:47:03Z,2lDeNTvCy0GCWsUZqGpFUP,spotify:track:2lDeNTvCy0GCWsUZqGpFUP,Pote Tin Kiriaki (Never On Sunday),Kostas Papadopoulos,This Is Greece No. 4 - Bouzouki Instrumentals 1960-1990,170786,,False,GRS017600006,https://api.spotify.com/v1/tracks/2lDeNTvCy0GCWsUZqGpFUP,https://open.spotify.com/track/2lDeNTvCy0GCWsUZqGpFUP
2025-06-14T08:41:27Z,0u0Equpg8nWdSPF9EPsg94,spotify:track:0u0Equpg8nWdSPF9EPsg94,The Harry Lime Theme,Anton Karas,"Vienna, City of My Dreams",134675,,False,AUXN22178569,https://api.spotify.com/v1/tracks/0u0Equpg8nWdSPF9EPsg94,https://open.spotify.com/track/0u0Equpg8nWdSPF9EPsg94
2025-06-13T11:56:45Z,34lupuiXvgbzqcOfPdrNic,spotify:track:34lupuiXvgbzqcOfPdrNic,Spanish Dancer - 2010 Version,Steve Winwood,Arc Of A Diver (Deluxe Edition),370693,,False,GBFUA1000001,https://api.spotify.com/v1/tracks/34lupuiXvgbzqcOfPdrNic,https://open.spotify.com/track/34lupuiXvgbzqcOfPdrNic
2025-05-14T11:17:40Z,5PARBCpQQVtGB1mPTwrtMn,spotify:track:5PARBCpQQVtGB1mPTwrtMn,Don't Give Up,Peter Gabriel,Shaking The Tree - 16 Golden Greats (Remastered),354986,,False,GBCPB0100078,https://api.spotify.com/v1/tracks/5PARBCpQQVtGB1mPTwrtMn,https://open.spotify.com/track/5PARBCpQQVtGB1mPTwrtMn
2025-05-14T11:06:36Z,3yrSvpt2l1xhsV9Em88Pul,spotify:track:3yrSvpt2l1xhsV9Em88Pul,Brown Eyed Girl,Van Morrison,Blowin' Your Mind!,183306,,False,USSM16700357,https://api.spotify.com/v1/tracks/3yrSvpt2l1xhsV9Em88Pul,https://open.spotify.com/track/3yrSvpt2l1xhsV9Em88Pul
2025-05-14T10:39:39Z,4GCbccn5YMX8VBmeKUSuZq,spotify:track:4GCbccn5YMX8VBmeKUSuZq,Into White,Yusuf / Cat Stevens,Tea For The Tillerman (Remastered 2020),206200,,False,GBUM71905970,https://api.spotify.com/v1/tracks/4GCbccn5YMX8VBmeKUSuZq,https://open.spotify.com/track/4GCbccn5YMX8VBmeKUSuZq
2025-05-14T10:28:48Z,1qRA5BS78u3gME0loMl9AA,spotify:track:1qRA5BS78u3gME0loMl9AA,For What It's Worth,Buffalo Springfield,Buffalo Springfield,153693,,False,USEE10170607,https://api.spotify.com/v1/tracks/1qRA5BS78u3gME0loMl9AA,https://open.spotify.com/track/1qRA5BS78u3gME0loMl9AA
2025-05-14T10:20:52Z,4ZoBC5MhSEzuknIgAkBaoT,spotify:track:4ZoBC5MhSEzuknIgAkBaoT,My Life,Billy Joel,52nd Street,285009,,False,USSM17800448,https://api.spotify.com/v1/tracks/4ZoBC5MhSEzuknIgAkBaoT,https://open.spotify.com/track/4ZoBC5MhSEzuknIgAkBaoT
2025-05-10T13:44:47Z,0cJPLFrlV7TTCyPLupHzcH,spotify:track:0cJPLFrlV7TTCyPLupHzcH,Won't Get Fooled Again - Original Album Version,The Who,Who's Next (Deluxe Edition),511400,,False,GBAKW7100100,https://api.spotify.com/v1/tracks/0cJPLFrlV7TTCyPLupHzcH,https://open.spotify.com/track/0cJPLFrlV7TTCyPLupHzcH
2025-05-10T10:21:29Z,0vlCOzte4bru0gK74lfUIJ,spotify:track:0vlCOzte4bru0gK74lfUIJ,Once Upon A Time In The West,Dire Straits,Communiqué,324200,,False,GBF087900658,https://api.spotify.com/v1/tracks/0vlCOzte4bru0gK74lfUIJ,https://open.spotify.com/track/0vlCOzte4bru0gK74lfUIJ
2025-05-09T18:49:49Z,6J18r0R7rQFuZ4hiRW4P4W,spotify:track:6J18r0R7rQFuZ4hiRW4P4W,So What,Miles Davis | Bill Evans | Cannonball Adderley | John Coltrane,Essentials Jazz : The Ultimate Best of Jazz,561065,,False,FR6F32352350,https://api.spotify.com/v1/tracks/6J18r0R7rQFuZ4hiRW4P4W,https://open.spotify.com/track/6J18r0R7rQFuZ4hiRW4P4W
2025-05-07T17:58:24Z,1ApsBaz9fpPptVZxgqtOy3,spotify:track:1ApsBaz9fpPptVZxgqtOy3,Oh Yeah!,Roxy Music,Flesh And Blood,290826,,False,GBAAA9900103,https://api.spotify.com/v1/tracks/1ApsBaz9fpPptVZxgqtOy3,https://open.spotify.com/track/1ApsBaz9fpPptVZxgqtOy3
2025-04-24T15:40:01Z,0bjKbwEvZfU5epyZ3aZm1y,spotify:track:0bjKbwEvZfU5epyZ3aZm1y,A Man I'll Never Be,Boston,Don't Look Back,396173,,False,USSM10002505,https://api.spotify.com/v1/tracks/0bjKbwEvZfU5epyZ3aZm1y,https://open.spotify.com/track/0bjKbwEvZfU5epyZ3aZm1y
2025-04-24T15:22:41Z,1QEEqeFIZktqIpPI4jSVSF,spotify:track:1QEEqeFIZktqIpPI4jSVSF,More Than a Feeling,Boston,Boston,285133,,False,USSM17600941,https://api.spotify.com/v1/tracks/1QEEqeFIZktqIpPI4jSVSF,https://open.spotify.com/track/1QEEqeFIZktqIpPI4jSVSF
2025-04-24T12:49:22Z,4JfuiOWlWCkjP6OKurHjSn,spotify:track:4JfuiOWlWCkjP6OKurHjSn,Walk This Way,Aerosmith,Toys In The Attic,220310,,False,USSM19906481,https://api.spotify.com/v1/tracks/4JfuiOWlWCkjP6OKurHjSn,https://open.spotify.com/track/4JfuiOWlWCkjP6OKurHjSn
2025-04-24T12:49:11Z,73TxYZd0lBCVRrHawrAglA,spotify:track:73TxYZd0lBCVRrHawrAglA,Sweet Emotion,Aerosmith,Toys In The Attic,274088,,False,USSM19906482,https://api.spotify.com/v1/tracks/73TxYZd0lBCVRrHawrAglA,https://open.spotify.com/track/73TxYZd0lBCVRrHawrAglA
2025-04-21T21:11:53Z,0wEo4mwfs6tXYgCem9m9wP,spotify:track:0wEo4mwfs6tXYgCem9m9wP,The Wind - Remastered 2021,Yusuf / Cat Stevens,Teaser And The Firecat (Remastered 2021),102986,,False,GBUM72104751,https://api.spotify.com/v1/tracks/0wEo4mwfs6tXYgCem9m9wP,https://open.spotify.com/track/0wEo4mwfs6tXYgCem9m9wP
2025-04-10T18:09:37Z,1VWFhH1HjYuzvblRGPs8fm,spotify:track:1VWFhH1HjYuzvblRGPs8fm,"Gloria, RV 589: I. Gloria in excelsis Deo","Antonio Vivaldi | Christ Church Cathedral Choir, Oxford | Academy of Ancient Music | Simon Preston","""66 Classics"" - Vivaldi Orchestral Works",143053,,False,GBF077740201,https://api.spotify.com/v1/tracks/1VWFhH1HjYuzvblRGPs8fm,https://open.spotify.com/track/1VWFhH1HjYuzvblRGPs8fm
2025-04-08T09:12:50Z,5xfHxpIGtUUPibew9W5gBJ,spotify:track:5xfHxpIGtUUPibew9W5gBJ,I Don't Want a Lover,Texas,Southside,300600,,False,GBF088900156,https://api.spotify.com/v1/tracks/5xfHxpIGtUUPibew9W5gBJ,https://open.spotify.com/track/5xfHxpIGtUUPibew9W5gBJ
2025-04-07T13:07:04Z,5Tpowbea8HKSOCDC6Z0QC2,spotify:track:5Tpowbea8HKSOCDC6Z0QC2,Flashdance... What a Feeling - Extended Remix,Irene Cara,What a Feelin',429653,,False,CAU118300367,https://api.spotify.com/v1/tracks/5Tpowbea8HKSOCDC6Z0QC2,https://open.spotify.com/track/5Tpowbea8HKSOCDC6Z0QC2
2025-04-06T17:17:58Z,1XsfDGslxnCPm5RDlD874U,spotify:track:1XsfDGslxnCPm5RDlD874U,Take on Me - 1985 Single Mix; 2015 Remaster,a-ha,Hunting High and Low (30th Anniversary Edition),288840,,False,USWB11506531,https://api.spotify.com/v1/tracks/1XsfDGslxnCPm5RDlD874U,https://open.spotify.com/track/1XsfDGslxnCPm5RDlD874U
2025-04-02T10:33:28Z,4w6PEs8WP6Uat3lQsjL5Qs,spotify:track:4w6PEs8WP6Uat3lQsjL5Qs,The Wind,Yusuf / Cat Stevens,The Very Best Of Cat Stevens,102640,,False,GBAAN7100062,https://api.spotify.com/v1/tracks/4w6PEs8WP6Uat3lQsjL5Qs,https://open.spotify.com/track/4w6PEs8WP6Uat3lQsjL5Qs
2025-04-01T11:30:27Z,7gn3O7gB8yFPB6ZfEoGzkI,spotify:track:7gn3O7gB8yFPB6ZfEoGzkI,Oh Yeah!,Roxy Music,More Than This - The Best Of Bryan Ferry And Roxy Music,290933,,False,GBAAA8000020,https://api.spotify.com/v1/tracks/7gn3O7gB8yFPB6ZfEoGzkI,https://open.spotify.com/track/7gn3O7gB8yFPB6ZfEoGzkI
2025-04-01T11:26:12Z,0ZHlpaS1p0jQHhtaj1KRnM,spotify:track:0ZHlpaS1p0jQHhtaj1KRnM,"Hot Water - 7"" Version",Level 42,"7"" Singles",220666,,False,GBF068990017,https://api.spotify.com/v1/tracks/0ZHlpaS1p0jQHhtaj1KRnM,https://open.spotify.com/track/0ZHlpaS1p0jQHhtaj1KRnM
2025-03-30T17:57:19Z,4a8KnwoaXJencZI26yal0N,spotify:track:4a8KnwoaXJencZI26yal0N,Oh Very Young,Yusuf / Cat Stevens,The Very Best Of Cat Stevens,155773,,False,GBAAN7400017,https://api.spotify.com/v1/tracks/4a8KnwoaXJencZI26yal0N,https://open.spotify.com/track/4a8KnwoaXJencZI26yal0N
2025-03-29T17:18:34Z,457ZCIKUFKJwkarNkearVG,spotify:track:457ZCIKUFKJwkarNkearVG,Zorba The Greek,Kostas Papadopoulos,The Original Sound Of Greece,203760,,False,GRS017600001,https://api.spotify.com/v1/tracks/457ZCIKUFKJwkarNkearVG,https://open.spotify.com/track/457ZCIKUFKJwkarNkearVG
2025-03-29T17:15:16Z,1f3ZhBa0UZEgsIhDBDzjrh,spotify:track:1f3ZhBa0UZEgsIhDBDzjrh,Never On Sunday - Hasapikos Dance,Paraskevas Grekis,Greece-Grece/The Best Of Greek Music,227698,,False,FR6Q60800078,https://api.spotify.com/v1/tracks/1f3ZhBa0UZEgsIhDBDzjrh,https://open.spotify.com/track/1f3ZhBa0UZEgsIhDBDzjrh
2025-03-29T17:12:57Z,3E2Qj8yfKnqsbXpRZkipEr,spotify:track:3E2Qj8yfKnqsbXpRZkipEr,L' Arcidiavolo - The Devil in Love,Armando Trovajoli,L'Arcidiavolo (Original Motion Picture Soundtrack),163080,,False,ITD060601284,https://api.spotify.com/v1/tracks/3E2Qj8yfKnqsbXpRZkipEr,https://open.spotify.com/track/3E2Qj8yfKnqsbXpRZkipEr
2025-03-28T22:43:23Z,23EhTCPRTlLVM6VQUyh8bH,spotify:track:23EhTCPRTlLVM6VQUyh8bH,Don't Tell Me,Madonna,Music,280973,,False,USWB10002377,https://api.spotify.com/v1/tracks/23EhTCPRTlLVM6VQUyh8bH,https://open.spotify.com/track/23EhTCPRTlLVM6VQUyh8bH
2025-03-28T22:01:27Z,52q3JFaEKB54R12ciC7J4P,spotify:track:52q3JFaEKB54R12ciC7J4P,"Cherish - 7"" Version",Madonna,Cherish,243417,,False,USWB10500058,https://api.spotify.com/v1/tracks/52q3JFaEKB54R12ciC7J4P,https://open.spotify.com/track/52q3JFaEKB54R12ciC7J4P
2025-03-28T21:54:36Z,6l46wjsV1bY2qpwuHj7zV5,spotify:track:6l46wjsV1bY2qpwuHj7zV5,Live to Tell,Madonna,True Blue,351920,,False,USWB19903144,https://api.spotify.com/v1/tracks/6l46wjsV1bY2qpwuHj7zV5,https://open.spotify.com/track/6l46wjsV1bY2qpwuHj7zV5
2025-03-28T21:54:18Z,1z3ugFmUKoCzGsI6jdY4Ci,spotify:track:1z3ugFmUKoCzGsI6jdY4Ci,Like a Prayer,Madonna,Celebration (double disc version),342680,,False,USWB10903606,https://api.spotify.com/v1/tracks/1z3ugFmUKoCzGsI6jdY4Ci,https://open.spotify.com/track/1z3ugFmUKoCzGsI6jdY4Ci
2025-03-28T21:32:16Z,4Q0G914Bvy1RNUl6y6ioBc,spotify:track:4Q0G914Bvy1RNUl6y6ioBc,I Know What I Like (In Your Wardrobe) - Live in Paris,Genesis,Seconds Out (Live),521733,,False,GBAAA9400519,https://api.spotify.com/v1/tracks/4Q0G914Bvy1RNUl6y6ioBc,https://open.spotify.com/track/4Q0G914Bvy1RNUl6y6ioBc
2025-03-28T21:28:47Z,1et9YdZy2tHz4ngfNvpMEE,spotify:track:1et9YdZy2tHz4ngfNvpMEE,The Musical Box (Closing Section) - Live in Paris,Genesis,Seconds Out (Live),199800,,False,GBAAA9400520,https://api.spotify.com/v1/tracks/1et9YdZy2tHz4ngfNvpMEE,https://open.spotify.com/track/1et9YdZy2tHz4ngfNvpMEE
2025-03-28T21:24:20Z,3qBSU8X3uKARgBem2GHJlz,spotify:track:3qBSU8X3uKARgBem2GHJlz,Cinema Show - Live in Paris,Genesis,Seconds Out (Live),658093,,False,USAT20700586,https://api.spotify.com/v1/tracks/3qBSU8X3uKARgBem2GHJlz,https://open.spotify.com/track/3qBSU8X3uKARgBem2GHJlz
2025-03-28T21:18:20Z,1s0uts80W5CIDwW6q48PpU,spotify:track:1s0uts80W5CIDwW6q48PpU,"The Four Seasons - Violin Concerto in E Major, Op. 8 No. 1, RV 269 ""Spring"": III. Danza pastorale. Allegro",Antonio Vivaldi | Joshua Bell | Academy of St. Martin in the Fields,Vivaldi: The Four Seasons,246520,,False,USSM10800887,https://api.spotify.com/v1/tracks/1s0uts80W5CIDwW6q48PpU,https://open.spotify.com/track/1s0uts80W5CIDwW6q48PpU
2025-03-28T21:05:43Z,1upQiytDIEZfl9ItruoXuC,spotify:track:1upQiytDIEZfl9ItruoXuC,"Handel / Orch. Hale: Keyboard Suite No. 4 in D Minor, HWV 437: III. Sarabande",George Frideric Handel | Alexander Briger | Academy of St. Martin in the Fields,Handel Sarabande,207266,,False,GBAYC0201575,https://api.spotify.com/v1/tracks/1upQiytDIEZfl9ItruoXuC,https://open.spotify.com/track/1upQiytDIEZfl9ItruoXuC
2025-03-28T21:04:58Z,1lOVilzLQuYY2fnFrQ76DK,spotify:track:1lOVilzLQuYY2fnFrQ76DK,"Waltz in C-sharp minor, Op. 64 No. 2",Frédéric Chopin | Khatia Buniatishvili,Chopin: Works for Piano,203796,,False,USSM11203186,https://api.spotify.com/v1/tracks/1lOVilzLQuYY2fnFrQ76DK,https://open.spotify.com/track/1lOVilzLQuYY2fnFrQ76DK
2025-03-28T20:57:23Z,2OyKeGiEVaQJXF3YsRlkHb,spotify:track:2OyKeGiEVaQJXF3YsRlkHb,"Ziggy Stardust - Sounds of the 70s - John Peel, Recorded 16.5.72, 2000 Remaster",David Bowie,Bowie at the Beeb (The Best of the BBC Sessions 1968-1972),204333,,False,GBCAD0001076,https://api.spotify.com/v1/tracks/2OyKeGiEVaQJXF3YsRlkHb,https://open.spotify.com/track/2OyKeGiEVaQJXF3YsRlkHb
2025-03-28T20:52:36Z,4bFFQLy27cyDvtixILhDeQ,spotify:track:4bFFQLy27cyDvtixILhDeQ,Mighty Quinn,Manfred Mann's Earth Band,Watch,389200,,False,GBBXM7810007,https://api.spotify.com/v1/tracks/4bFFQLy27cyDvtixILhDeQ,https://open.spotify.com/track/4bFFQLy27cyDvtixILhDeQ
2025-03-17T15:38:02Z,5z4ljpMLi1LTF8UG9P53fH,spotify:track:5z4ljpMLi1LTF8UG9P53fH,Dreamer,Supertramp,Crime Of The Century (Remastered),213236,,False,USUM71022331,https://api.spotify.com/v1/tracks/5z4ljpMLi1LTF8UG9P53fH,https://open.spotify.com/track/5z4ljpMLi1LTF8UG9P53fH
2025-03-15T20:32:08Z,4gMgiXfqyzZLMhsksGmbQV,spotify:track:4gMgiXfqyzZLMhsksGmbQV,"Another Brick in the Wall, Pt. 2",Pink Floyd,The Wall,238946,,False,GBN9Y1100099,https://api.spotify.com/v1/tracks/4gMgiXfqyzZLMhsksGmbQV,https://open.spotify.com/track/4gMgiXfqyzZLMhsksGmbQV
2025-03-15T20:22:03Z,1MIwRUsj23h7cYn6mNiqHw,spotify:track:1MIwRUsj23h7cYn6mNiqHw,Perpetuum Mobile,Penguin Cafe Orchestra,"Preludes, Airs And Yodels (A Penguin Cafe Primer)",269800,,False,GBAAA8700127,https://api.spotify.com/v1/tracks/1MIwRUsj23h7cYn6mNiqHw,https://open.spotify.com/track/1MIwRUsj23h7cYn6mNiqHw
2025-03-15T20:20:52Z,0zeSQxikPzDagy6PZQ1ZH4,spotify:track:0zeSQxikPzDagy6PZQ1ZH4,The World Anthem - Live,Frank Marino & Mahogany Rush,Live (Expanded Edition),219280,,False,USSM19914508,https://api.spotify.com/v1/tracks/0zeSQxikPzDagy6PZQ1ZH4,https://open.spotify.com/track/0zeSQxikPzDagy6PZQ1ZH4
2025-03-15T20:03:33Z,0mOcxFnUEsV45HJBGA89xN,spotify:track:0mOcxFnUEsV45HJBGA89xN,Abacab - Live;1994 Remaster,Genesis,Three Sides Live (1994 Remaster),526800,,False,GBAAA9400457,https://api.spotify.com/v1/tracks/0mOcxFnUEsV45HJBGA89xN,https://open.spotify.com/track/0mOcxFnUEsV45HJBGA89xN
2025-03-15T20:03:07Z,6qiuoKeOzWOMV1zn4Mq40o,spotify:track:6qiuoKeOzWOMV1zn4Mq40o,Turn It on Again - 2007 Remaster,Genesis,Duke (2007 Remaster),231413,,False,GBAAA0700125,https://api.spotify.com/v1/tracks/6qiuoKeOzWOMV1zn4Mq40o,https://open.spotify.com/track/6qiuoKeOzWOMV1zn4Mq40o
2025-03-15T19:59:48Z,5aRLP5NVjeZRNqr9Aal29I,spotify:track:5aRLP5NVjeZRNqr9Aal29I,Portrait (He Knew) - Live 1977-1978,Kansas,Two For The Show (30th Anniversary Edition),318546,,False,USSM19915160,https://api.spotify.com/v1/tracks/5aRLP5NVjeZRNqr9Aal29I,https://open.spotify.com/track/5aRLP5NVjeZRNqr9Aal29I
2025-03-15T19:33:38Z,6fnachl7fIn5dqIjakfJ57,spotify:track:6fnachl7fIn5dqIjakfJ57,School,Supertramp,Crime Of The Century (Remastered),335286,,False,USUM71022291,https://api.spotify.com/v1/tracks/6fnachl7fIn5dqIjakfJ57,https://open.spotify.com/track/6fnachl7fIn5dqIjakfJ57
2025-03-15T19:33:29Z,0v0XYK0pLgsPiq5u4FKHaw,spotify:track:0v0XYK0pLgsPiq5u4FKHaw,Take The Long Way Home - Remastered 2010,Supertramp,Breakfast In America (Deluxe Edition),308853,,False,USUM71021486,https://api.spotify.com/v1/tracks/0v0XYK0pLgsPiq5u4FKHaw,https://open.spotify.com/track/0v0XYK0pLgsPiq5u4FKHaw
2025-03-15T19:31:36Z,6XUHsYE38CEbYunT983O9G,spotify:track:6XUHsYE38CEbYunT983O9G,Give A Little Bit,Supertramp,Even In The Quietest Moments,248173,,False,USAM19500634,https://api.spotify.com/v1/tracks/6XUHsYE38CEbYunT983O9G,https://open.spotify.com/track/6XUHsYE38CEbYunT983O9G
2025-03-15T19:31:03Z,4a5pNRjwmzYQuEY1E7O6pj,spotify:track:4a5pNRjwmzYQuEY1E7O6pj,Breakfast In America - Remastered 2010,Supertramp,Breakfast In America (Deluxe Edition),159346,,False,USUM71021483,https://api.spotify.com/v1/tracks/4a5pNRjwmzYQuEY1E7O6pj,https://open.spotify.com/track/4a5pNRjwmzYQuEY1E7O6pj
2025-03-15T19:26:31Z,6mHOcVtsHLMuesJkswc0GZ,spotify:track:6mHOcVtsHLMuesJkswc0GZ,The Logical Song - Remastered 2010,Supertramp,Breakfast In America (Deluxe Edition),251253,,False,USUM71021480,https://api.spotify.com/v1/tracks/6mHOcVtsHLMuesJkswc0GZ,https://open.spotify.com/track/6mHOcVtsHLMuesJkswc0GZ
2025-03-15T19:20:37Z,67oyFnjJnn78fZP9KjeZx0,spotify:track:67oyFnjJnn78fZP9KjeZx0,Goodbye Stranger - Remastered 2010,Supertramp,Breakfast In America (Deluxe Edition),350573,,False,USUM71021482,https://api.spotify.com/v1/tracks/67oyFnjJnn78fZP9KjeZx0,https://open.spotify.com/track/67oyFnjJnn78fZP9KjeZx0
2025-03-13T18:13:08Z,2vyae4DvSU2gs8OMOGwXF2,spotify:track:2vyae4DvSU2gs8OMOGwXF2,Rock or Bust,AC/DC,Rock or Bust,183058,,False,USSM11407830,https://api.spotify.com/v1/tracks/2vyae4DvSU2gs8OMOGwXF2,https://open.spotify.com/track/2vyae4DvSU2gs8OMOGwXF2
2025-03-13T17:15:29Z,2Qf6Xj6jbe1mfe5cnnnJ44,spotify:track:2Qf6Xj6jbe1mfe5cnnnJ44,Follow You Follow Me,Genesis,Turn It on Again: The Hits,238440,,False,USRHD0900188,https://api.spotify.com/v1/tracks/2Qf6Xj6jbe1mfe5cnnnJ44,https://open.spotify.com/track/2Qf6Xj6jbe1mfe5cnnnJ44
2025-03-12T19:50:46Z,5pSvjjfsh34sLrkYSNGCl4,spotify:track:5pSvjjfsh34sLrkYSNGCl4,Down Under,Men At Work,Business As Usual,225706,,False,USSM18100411,https://api.spotify.com/v1/tracks/5pSvjjfsh34sLrkYSNGCl4,https://open.spotify.com/track/5pSvjjfsh34sLrkYSNGCl4
2025-03-12T19:44:10Z,00M7NRgfzYKUWto171Z0N0,spotify:track:00M7NRgfzYKUWto171Z0N0,Be Good Johnny,Men At Work,Business As Usual,219693,,False,NLB638140007,https://api.spotify.com/v1/tracks/00M7NRgfzYKUWto171Z0N0,https://open.spotify.com/track/00M7NRgfzYKUWto171Z0N0
2025-03-11T17:10:05Z,4liHSrH9MYDsPNPgFQCRFe,spotify:track:4liHSrH9MYDsPNPgFQCRFe,"Violin Concerto No. 5 in A Major, K. 219 ""Turkish"": I. Allegro aperto",Wolfgang Amadeus Mozart | Arabella Steinbacher | Lucerne Festival Strings | Daniel Dodds,"Mozart: Violin Concertos 3, 4 & 5",637092,,False,NLE421301307,https://api.spotify.com/v1/tracks/4liHSrH9MYDsPNPgFQCRFe,https://open.spotify.com/track/4liHSrH9MYDsPNPgFQCRFe
2025-03-11T17:09:51Z,4EcynoPMvwizfgxLZHy1Tp,spotify:track:4EcynoPMvwizfgxLZHy1Tp,"Violin Concerto No. 5 in A Major, K. 219 ""Turkish"": III. Rondeau. Tempo di Menuetto",Wolfgang Amadeus Mozart | Arabella Steinbacher | Daniel Dodds | Lucerne Festival Strings,"Mozart: Violin Concertos 3, 4 & 5",561120,,False,NLE421301309,https://api.spotify.com/v1/tracks/4EcynoPMvwizfgxLZHy1Tp,https://open.spotify.com/track/4EcynoPMvwizfgxLZHy1Tp
2025-03-11T17:09:38Z,7K2YynqtOkko39JYmCY2NM,spotify:track:7K2YynqtOkko39JYmCY2NM,"Violin Concerto No. 5 in A Major, K. 219 ""Turkish"": II. Adagio",Wolfgang Amadeus Mozart | Arabella Steinbacher | Lucerne Festival Strings | Daniel Dodds,"Mozart: Violin Concertos 3, 4 & 5",588227,,False,NLE421301308,https://api.spotify.com/v1/tracks/7K2YynqtOkko39JYmCY2NM,https://open.spotify.com/track/7K2YynqtOkko39JYmCY2NM
2025-03-11T16:53:26Z,7LlV2UxBOaIkkIdEsKfQPN,spotify:track:7LlV2UxBOaIkkIdEsKfQPN,Supper's Ready - Live in Paris,Genesis,Seconds Out (Live),1472773,,False,USAT20700589,https://api.spotify.com/v1/tracks/7LlV2UxBOaIkkIdEsKfQPN,https://open.spotify.com/track/7LlV2UxBOaIkkIdEsKfQPN
2025-03-11T15:11:10Z,2QK3MvIBtg6ofQXzx71soX,spotify:track:2QK3MvIBtg6ofQXzx71soX,Let The Sunshine In,Galt MacDermot,Up From The Basement - Unreleased Tracks - Volumes 1 & 2,159160,,False,uscgj0536202,https://api.spotify.com/v1/tracks/2QK3MvIBtg6ofQXzx71soX,https://open.spotify.com/track/2QK3MvIBtg6ofQXzx71soX
2025-03-11T15:08:14Z,71aIAA7H9ouc2uehPIZ3cS,spotify:track:71aIAA7H9ouc2uehPIZ3cS,Washington Square,James Last,Beachparty (Vol. 1),189680,,False,DEF067001450,https://api.spotify.com/v1/tracks/71aIAA7H9ouc2uehPIZ3cS,https://open.spotify.com/track/71aIAA7H9ouc2uehPIZ3cS
2025-03-11T15:07:10Z,3Zox9Ux55BdsixZfQBOM98,spotify:track:3Zox9Ux55BdsixZfQBOM98,Piano’s On The Beach,Jacques Renault,Favicon (2018 Reissue),283840,,False,AUHS20700018,https://api.spotify.com/v1/tracks/3Zox9Ux55BdsixZfQBOM98,https://open.spotify.com/track/3Zox9Ux55BdsixZfQBOM98
2025-03-11T14:39:51Z,3iA4foXIFpekwHyma7pRs1,spotify:track:3iA4foXIFpekwHyma7pRs1,Overkill,Men At Work,Cargo,229466,,False,USSM18200071,https://api.spotify.com/v1/tracks/3iA4foXIFpekwHyma7pRs1,https://open.spotify.com/track/3iA4foXIFpekwHyma7pRs1
2025-03-11T14:39:10Z,5BCykgPXc7zEBg2oU0klvy,spotify:track:5BCykgPXc7zEBg2oU0klvy,Who Can It Be Now?,Men At Work,Business As Usual,205360,,False,NLB638140001,https://api.spotify.com/v1/tracks/5BCykgPXc7zEBg2oU0klvy,https://open.spotify.com/track/5BCykgPXc7zEBg2oU0klvy
